2026/10/05 23:16:10 INFO  : 1m-dollar-content-strategy-any-business-podcast.webp: Updated modification time in destination
2026/10/05 23:16:10 INFO  : 10m-ceo-why-ceos-need-personal-brand-podcast.webp: Updated modification time in destination
2026/10/05 23:16:10 INFO  : 10-protocols-andrew-huberman-toi-uu-nao-bo-the-chat-diary-of-a-ceo.webp: Updated modification time in destination
2026/10/05 23:16:10 INFO  : 20-gio-de-hoc-bat-cu-thu-gi-podcast.webp: Updated modification time in destination
2026/10/05 23:16:10 INFO  : backtothefuture_chukybanra.webp: Copied (new)
2026/10/05 23:16:10 INFO  : 88-dan-so-dang-hong-he-thong-trao-doi-chat-tu-ben-trong-chia-khoa-khong-phai-la-tinh-calo-hay-chay-bo-ma-la-ngung-nap-thuc-pham-sieu-che.webp: Updated modification time in destination
2026/10/05 23:16:10 INFO  : 5-danh-muc-quay-pho-bien.webp: Updated modification time in destination
2026/10/05 23:16:10 INFO  : 5-nganh-nghe-bien-mat-khi-ai-tang-toc.webp: Updated modification time in destination
2026/10/05 23:16:10 INFO  : arcane_jayce_poster_1790932560829.webp: Copied (new)
2026/10/05 23:16:10 INFO  : 5-nghe-bien-mat.webp: Updated modification time in destination
2026/10/05 23:16:10 INFO  : ashwin-srivastava-harvard-mba-frameworks-career-podcast.webp: Copied (new)
2026/10/05 23:16:11 INFO  : 98-founder-dang-tu-giam-minh-trong-mot-nha-tu-tra-luong-cao-podcast.webp: Updated modification time in destination
2026/10/05 23:16:11 INFO  : architect_nghiem_thu.webp: Copied (new)
2026/10/05 23:16:11 INFO  : 99-percent-online-businesses-replaced-content-podcast.webp: Updated modification time in destination
2026/10/05 23:16:11 INFO  : alan_turing_poster_1791005461475.webp: Updated modification time in destination
2026/10/05 23:16:11 INFO  : agent_47_poster_1791005647850.webp: Updated modification time in destination
2026/10/05 23:16:11 INFO  : akira_nghiem_thu_anime.webp: Updated modification time in destination
2026/10/05 23:16:11 INFO  : a_bugs_life_poster_40_1789842961645.webp: Updated modification time in destination
2026/10/05 23:16:11 INFO  : ban-chat-cua-cam-nhan-thien-nhien-01.webp: Copied (new)
2026/10/05 23:16:11 INFO  : ai-matrix-override-system-architecture.webp: Updated modification time in destination
2026/10/05 23:16:11 INFO  : algolia-test.webp: Updated modification time in destination
2026/10/05 23:16:11 INFO  : altered_carbon_poster_50_1790956496419.webp: Updated modification time in destination
2026/10/05 23:16:11 INFO  : ban-chat-cua-cam-nhan-thien-nhien-02.webp: Copied (new)
2026/10/05 23:16:11 INFO  : amcc-book-typo.webp: Updated modification time in destination
2026/10/05 23:16:11 INFO  : andrew-huberman-daily-habits-neuroscience-podcast.webp: Updated modification time in destination
2026/10/05 23:16:11 INFO  : americanpsycho_danghuong.webp: Updated modification time in destination
2026/10/05 23:16:11 INFO  : anohana_poster_39_1790955849223.webp: Updated modification time in destination
2026/10/05 23:16:11 INFO  : ban-duoc-thiet-ke-de-song-podcast.webp: Copied (new)
2026/10/05 23:16:11 INFO  : any_given_sunday_poster_1790936366810.webp: Updated modification time in destination
2026/10/05 23:16:11 INFO  : ao-anh-cua-su-ham-muon.webp: Updated modification time in destination
2026/10/05 23:16:11 INFO  : aragorn_movie_poster_1790936803739.webp: Updated modification time in destination
2026/10/05 23:16:11 INFO  : ban-khong-beo-vi-thieu-y-chi-ban-dang-bi-hack-nao-bo-science-long-form.webp: Copied (new)
2026/10/05 23:16:11 INFO  : ban-dang-bi-dieu-khien-boi-chinh-cam-xuc-cua-minh-su-khac-biet-giua-nguoi-lam-chu-cuoc-choi-va-ke-bi-thao-tung-nam-o-cho-ke-bi-thao-tung.webp: Copied (new)
2026/10/05 23:16:12 INFO  : ban_hang_dinh_1789678412899.webp: Copied (new)
2026/10/05 23:16:12 INFO  : ban-khong-the-kien-tao-mot-cuoc-doi-co-y-nghia-bang-hanh-phuc-hoi-hot-hay-viec-dong-vai-nan-nhan-science.webp: Copied (new)
2026/10/05 23:16:12 INFO  : band_of_brothers_poster_42_1789842986864.webp: Copied (new)
2026/10/05 23:16:12 INFO  : banner.webp: Copied (new)
2026/10/05 23:16:12 INFO  : bane_poster_1791005541672.webp: Copied (new)
2026/10/05 23:16:12 INFO  : batmanbegins_suchuyenhoa.webp: Copied (new)
2026/10/05 23:16:13 INFO  : batman_begins_poster_1790936943571.webp: Copied (new)
2026/10/05 23:16:13 INFO  : battlefield_poster_1790932787934.webp: Copied (new)
2026/10/05 23:16:13 INFO  : be-khoa-thuat-toan-xay-kenh-niche-podcast.webp: Copied (new)
2026/10/05 23:16:13 INFO  : beautifulmind_moitruong.webp: Copied (new)
2026/10/05 23:16:13 INFO  : ben_10_poster_52_1789843309941.webp: Copied (new)
2026/10/05 23:16:13 INFO  : beo-phi-chi-la-trieu-chung-su-suy-yeu-cua-co-bap-moi-la-can-nguyen-podcast-science.webp: Copied (new)
2026/10/05 23:16:13 INFO  : behavior-discipline-architecture-science.webp: Copied (new)
2026/10/05 23:16:13 INFO  : bi-quyet-giu-chan-nguoi-xem-trong-3-giay-dau-podcast.webp: Copied (new)
2026/10/05 23:16:13 INFO  : berserk_guts_poster_1791004658257.webp: Copied (new)
2026/10/05 23:16:14 INFO  : bi-quyet-tu-tin-camera.webp: Copied (new)
2026/10/05 23:16:14 INFO  : bigshort_giaucothucsu.webp: Copied (new)
2026/10/05 23:16:14 INFO  : bill_ackman_full_1789678674174.webp: Copied (new)
2026/10/05 23:16:14 INFO  : bleach_poster_30_1790955644730.webp: Copied (new)
2026/10/05 23:16:14 INFO  : bladerunner_rework_plan.webp: Copied (new)
2026/10/05 23:16:14 INFO  : blood_daniel_poster_1791004625877.webp: Copied (new)
2026/10/05 23:16:15 INFO  : bladerunner_aiconsciousness.webp: Copied (new)
2026/10/05 23:16:15 INFO  : boardwalk_nucky_poster_1791004606314.webp: Copied (new)
2026/10/05 23:16:15 INFO  : bo-nao-la-co-quan-ra-quyet-dinh-va-hinh-thanh-nhan-cach-cua-ban-khi-nao-hoat-dong-dung-ban-song-dung-podcast.webp: Copied (new)
2026/10/05 23:16:15 INFO  : bohemian_rhapsody_poster_1790936800365.webp: Copied (new)
2026/10/05 23:16:15 INFO  : bojack_horseman_poster_1791005040106.webp: Copied (new)
2026/10/05 23:16:15 INFO  : brilliant-content-ideas-easier-than-ai-podcast.webp: Copied (new)
2026/10/05 23:16:15 INFO  : braveheart_chuyenhoa.webp: Copied (new)
2026/10/05 23:16:16 INFO  : bruce_wayne_logo_567.webp: Copied (new)
2026/10/05 23:16:16 INFO  : bruce_wayne_poster_1790936369227.webp: Copied (new)
2026/10/05 23:16:16 INFO  : brucelee_hittho.webp: Copied (new)
2026/10/05 23:16:16 INFO  : borderland_arisu_poster_1791004596835.webp: Copied (new)
2026/10/05 23:16:16 INFO  : bullitt_poster_1790935545048.webp: Copied (new)
2026/10/05 23:16:16 INFO  : buoi-sang-khong-phai-la-luc-bat-dau-ngay-moi-no-la-luc-lap-trinh-he-dieu-hanh-cho-bo-nao-neu-ban-khong-chu-dong-viet-kich-ban-cho-tam-tri-su-lo-au-qua-khu-va-mang-xa-hoi-se-tu-dong-viet-thay-ban-podcast-science.webp: Copied (new)
2026/10/05 23:16:16 INFO  : but-pha-gioi-han-ngung-ban-thoi-gian-lay-tien-bi-quyet-dong-goi-tri-tue-khai-thac-suc-manh-ai-de-xay-dung-co-may-in-tien-tu-dong-podcast.webp: Copied (new)
2026/10/05 23:16:16 INFO  : cach-hoc-that-tu-insta-science.webp: Copied (new)
2026/10/05 23:16:16 INFO  : cach-kiem-soat-khung-hinh-khi-quay-science.webp: Copied (new)
2026/10/05 23:16:17 INFO  : cam-bien-vat-ly-khac-de-quet-rac-bang-thong-science.webp: Copied (new)
2026/10/05 23:16:17 INFO  : captainamerica_chuyenhoa.webp: Copied (new)
2026/10/05 23:16:17 INFO  : castaway_sinhton.webp: Copied (new)
2026/10/05 23:16:17 INFO  : catchmeifyoucan_comaytien.webp: Copied (new)
2026/10/05 23:16:17 INFO  : cars_movie_poster_1790936369797.webp: Copied (new)
2026/10/05 23:16:17 INFO  : cats_movie_poster_1790935772159.webp: Copied (new)
2026/10/05 23:16:17 INFO  : chef_katlynn.webp: Copied (new)
2026/10/05 23:16:17 INFO  : chua-lanh-dua-tre-ben-trong-podcast.webp: Copied (new)
2026/10/05 23:16:18 INFO  : chien-luoc-su-nghiep-top-1-tuyen-dung-ky-nguyen-ai-silicon-valley-girl.webp: Copied (new)
2026/10/05 23:16:18 INFO  : chung-ta-dang-song-trong-mot-thoi-dai-bi-thao-tung-boi-marketing-thuc-pham-chia-khoa-vang-khong-nam-o-viec-nap-that-nhieu-protein-hay-am.webp: Copied (new)
2026/10/05 23:16:18 INFO  : chung-ta-khong-phai-la-nhung-co-may-thuan-ly-tri-co-the-thoat-khoi-quy-luat-sinh-hoc-con-nguoi-hien-dai-dang-van-hanh-bang-he-dieu-hanh-cua-to-tien-tren-thao-nguyen-podcast-science.webp: Copied (new)
2026/10/05 23:16:18 INFO  : click_familytime.webp: Copied (new)
2026/10/05 23:16:18 INFO  : cloud_strife_poster_1791005516632.webp: Copied (new)
2026/10/05 23:16:18 INFO  : cloudy_poster_53_1789843401910.webp: Copied (new)
2026/10/05 23:16:18 INFO  : co-che-chong-tai-virus-te-bao-guong-science.webp: Copied (new)
2026/10/05 23:16:18 INFO  : co-dep-soleus-la-gi-va-tai-sao-no-dac-biet-science-podcast.webp: Copied (new)
2026/10/05 23:16:19 INFO  : co-hoc-luong-tu-va-truc-giac-tam-linh.webp: Copied (new)
2026/10/05 23:16:19 INFO  : co-the-ban-khong-he-ghet-ban-no-chi-dang-lam-xuat-sac-nhiem-vu-sinh-ton-bang-cach-bat-che-do-khang-cu-lai-su-sut-giam-calo-trong-mot-the.webp: Copied (new)
2026/10/05 23:16:19 INFO  : code_geass_lelouch_poster_1791004117910.webp: Copied (new)
2026/10/05 23:16:19 INFO  : complex-5-anxiety-is-not-what-you-think.webp: Copied (new)
2026/10/05 23:16:19 INFO  : complex-6-the-3-questions-that-end-unhappiness.webp: Copied (new)
2026/10/05 23:16:19 INFO  : complex-8-the-skill-you-need-agility.webp: Copied (new)
2026/10/05 23:16:19 INFO  : con-duong-don-gian-toi-cua-cai-science.webp: Copied (new)
2026/10/05 23:16:19 INFO  : con-gian-ao-giac-binh-tinh-spiritual.webp: Copied (new)
2026/10/05 23:16:19 INFO  : cover_127.webp: Copied (new)
2026/10/05 23:16:19 INFO  : cong-thuc-1-kenh-de-phat-trien-podcast.webp: Copied (new)
2026/10/05 23:16:19 INFO  : corvo_attano_poster_1791005519622.webp: Copied (new)
2026/10/05 23:16:20 INFO  : cover_128.webp: Copied (new)
2026/10/05 23:16:20 INFO  : cover_129.webp: Copied (new)
2026/10/05 23:16:20 INFO  : cover_130.webp: Copied (new)
2026/10/05 23:16:20 INFO  : cover_131.webp: Copied (new)
2026/10/05 23:16:20 INFO  : cover_132.webp: Copied (new)
2026/10/05 23:16:20 INFO  : cover_135.webp: Copied (new)
2026/10/05 23:16:20 INFO  : cover_134.webp: Copied (new)
2026/10/05 23:16:21 INFO  : cover_139.webp: Copied (new)
2026/10/05 23:16:21 INFO  : cover_133.webp: Copied (new)
2026/10/05 23:16:21 INFO  : cover_140.webp: Copied (new)
2026/10/05 23:16:21 INFO  : cover_149.webp: Copied (new)
2026/10/05 23:16:21 INFO  : cover_151.webp: Copied (new)
2026/10/05 23:16:21 INFO  : cover_153.webp: Copied (new)
2026/10/05 23:16:21 INFO  : cover_159.webp: Copied (new)
2026/10/05 23:16:21 INFO  : cover_160.webp: Copied (new)
2026/10/05 23:16:22 INFO  : cover_161.webp: Copied (new)
2026/10/05 23:16:22 INFO  : cover_162.webp: Copied (new)
2026/10/05 23:16:22 INFO  : crouching_tiger_lymobach_poster_1791004621753.webp: Copied (new)
2026/10/05 23:16:22 INFO  : cyberpunk_v_poster_1790936794072.webp: Copied (new)
2026/10/05 23:16:22 INFO  : dai-chien-tu-duy-tranh-luan-nay-lua-giua-kevin-oleary-cenk-uygur-ve-tac-dong-cua-ai-den-that-nghiep-cuoc-dua-dia-chinh-tri-my-trung-va.webp: Copied (new)
2026/10/05 23:16:22 INFO  : danh-thuc-le-song-bang-dharma-tim-su-can-bang-giua-niem-vui-noi-tai-va-su-menh-phung-su-the-gioi-danh-cho-nhung-ai-dang-tran-tro-ve-dinh.webp: Copied (new)
2026/10/05 23:16:22 INFO  : dan-ong-tre-dang-mat-di-moi-truong-ren-luyen-su-ben-bi-tron-tranh-that-bai-bang-cac-lieu-dopamine-re-tien-porn-mxh-game-de-sinh-ton-nam-gioi-phai-dinh-nghia-lai-su-nam-tinh-podcast.webp: Copied (new)
2026/10/05 23:16:22 INFO  : dan-martell-ai-strategy-for-entrepreneurs-podcast.webp: Copied (new)
2026/10/05 23:16:23 INFO  : danh-thuc-tam-thuc-kien-tao-podcast.webp: Copied (new)
2026/10/05 23:16:23 INFO  : david-eagleman-nao-bo-khong-phai-la-mot-co-may-co-dinh-ma-la-mot-he-sinh-thai-khong-ngung-tai-cau-truc-podcast.webp: Copied (new)
2026/10/05 23:16:23 INFO  : dao_doc_dac_poster_41_1789842976271.webp: Copied (new)
2026/10/05 23:16:23 INFO  : davincicode_nhinan.webp: Copied (new)
2026/10/05 23:16:23 INFO  : deadpoets_dinhhuong.webp: Copied (new)
2026/10/05 23:16:23 INFO  : detroit_become_human_poster_1791005179395.webp: Copied (new)
2026/10/05 23:16:23 INFO  : dexter_deshawn_poster_1791005531522.webp: Copied (new)
2026/10/05 23:16:23 INFO  : deepthink-03-podcast-dashboard-science-podcast.webp: Copied (new)
2026/10/05 23:16:23 INFO  : disco_elysium_poster_1791005037857.webp: Copied (new)
2026/10/05 23:16:24 INFO  : doctorstrange_suthuctinh.webp: Copied (new)
2026/10/05 23:16:24 INFO  : don_draper_poster_1791005444860.webp: Copied (new)
2026/10/05 23:16:24 INFO  : dr-joe-dispenza-rewire-brain-neuroplasticity-fear-podcast.webp: Copied (new)
2026/10/05 23:16:24 INFO  : doom_patrol_poster_46_1789843111084.webp: Copied (new)
2026/10/05 23:16:24 INFO  : dr-k-relationship-psychology-trauma-podcast.webp: Copied (new)
2026/10/05 23:16:24 INFO  : dr-k-successful-people-broken-loneliness-ai-podcast.webp: Copied (new)
2026/10/05 23:16:24 INFO  : dr_ford_poster_1791005467651.webp: Copied (new)
2026/10/05 23:16:24 INFO  : dr-viju-jacob-spice-empire-fmcg-business-podcast.webp: Copied (new)
2026/10/05 23:16:25 INFO  : dr_manhattan_poster_1791005020759.webp: Copied (new)
2026/10/05 23:16:25 INFO  : dr_stone_poster_34_1789842851911.webp: Copied (new)
2026/10/05 23:16:25 INFO  : dragon_ball_poster_43_1790955992741.webp: Copied (new)
2026/10/05 23:16:25 INFO  : dragon_quest_poster_1790937094135.webp: Copied (new)
2026/10/05 23:16:25 INFO  : dune_daniel_priestley.webp: Copied (new)
2026/10/05 23:16:25 INFO  : dune_paul_poster_1790937133707.webp: Copied (new)
2026/10/05 23:16:25 INFO  : dune_paulatreides.webp: Copied (new)
2026/10/05 23:16:25 INFO  : dune_kynguyenai.webp: Copied (new)
2026/10/05 23:16:25 INFO  : dune_two_v2.webp: Copied (new)
2026/10/05 23:16:26 INFO  : dung-de-chiec-ghe-an-mon-tri-tue-cua-ban-science-long-form.webp: Copied (new)
2026/10/05 23:16:26 INFO  : dung-cho-doi-dong-luc-vi-no-la-mot-loi-noi-doi-su-thay-doi-thuc-su-chi-bat-dau-khi-ban-ep-ban-than-hanh-dong-truoc-khi-cam-xuc-kip-len.webp: Copied (new)
2026/10/05 23:16:26 INFO  : dung-viet-blog-nua-hay-xay-co-may-media-podcast.webp: Copied (new)
2026/10/05 23:16:26 INFO  : dung-hy-sinh-su-can-bang-de-doi-lay-thanh-cong-podcast-science.webp: Copied (new)
2026/10/05 23:16:26 INFO  : elon-musk-10x-economy-podcast.webp: Copied (new)
2026/10/05 23:16:26 INFO  : elliot_alderson_poster_1791005493566.webp: Copied (new)
2026/10/05 23:16:26 INFO  : elon-musk-on-doge-tuong-lai-cua-ban-phu-thuoc-vao-nang-luc-cat-dut-dong-ro-ri-nang-luong-podcast.webp: Copied (new)
2026/10/05 23:16:26 INFO  : elon-musk-va-su-menh-spacex-hanh-trinh-hien-thuc-hoa-giac-mo-dua-loai-nguoi-tro-thanh-nen-van-minh-da-hanh-tinh-va-khat-vong-chinh-phuc-vu.webp: Copied (new)
2026/10/05 23:16:26 INFO  : eren_yeager_poster_1791005501454.webp: Copied (new)
2026/10/05 23:16:26 INFO  : em_chua_18_poster_32_1790955669165.webp: Copied (new)
2026/10/05 23:16:27 INFO  : evangelion_shinji_poster_1791004120163.webp: Copied (new)
2026/10/05 23:16:27 INFO  : exmachina_caleb_poster_1791004548874.webp: Copied (new)
2026/10/05 23:16:27 INFO  : exmachina_mogawdat.webp: Copied (new)
2026/10/05 23:16:27 INFO  : fastest-way-to-monetize-content-longform-podcast.webp: Copied (new)
2026/10/05 23:16:27 INFO  : few_dollars_more_poster_1790937274865.webp: Copied (new)
2026/10/05 23:16:27 INFO  : fightclub_psychology.webp: Copied (new)
2026/10/05 23:16:27 INFO  : fix-this-core-bottleneck-business-success-podcast.webp: Copied (new)
2026/10/05 23:16:27 INFO  : fortnite_poster_1790936219535.webp: Copied (new)
2026/10/05 23:16:27 INFO  : founder_prasad.webp: Copied (new)
2026/10/05 23:16:28 INFO  : gai_gia_lam_chieu_poster_45_1789843095094.webp: Copied (new)
2026/10/05 23:16:28 INFO  : frankenweenie_poster_44_1790955951856.webp: Copied (new)
2026/10/05 23:16:28 INFO  : ganh-nang-cua-su-dang-do-science.webp: Copied (new)
2026/10/05 23:16:28 INFO  : gatsby_comaytien.webp: Copied (new)
2026/10/05 23:16:28 INFO  : gentlemen_v2.webp: Copied (new)
2026/10/05 23:16:28 INFO  : gattaca_kiran.webp: Copied (new)
2026/10/05 23:16:28 INFO  : get-rich-off-salary-money-masterclass-podcast.webp: Copied (new)
2026/10/05 23:16:28 INFO  : ghost_of_tsushima_poster_1790936806332.webp: Copied (new)
2026/10/05 23:16:29 INFO  : ghostbusters_logickenh.webp: Copied (new)
2026/10/05 23:16:29 INFO  : giai-ma-ap-luc-nuoi-day-con-thanh-cong-podcast-science.webp: Copied (new)
2026/10/05 23:16:29 INFO  : giai-ma-adn-than-thanh-mentor-learning.webp: Copied (new)
2026/10/05 23:16:29 INFO  : giai-ma-he-dieu-hanh-cua-elon-musk-podcast.webp: Copied (new)
2026/10/05 23:16:29 INFO  : giai-ma-luat-cua-mot-tam-thuc-khai-sang-podcast.webp: Copied (new)
2026/10/05 23:16:29 INFO  : giai-ma-nghe-podcast-sang-tao-noi-dung.webp: Copied (new)
2026/10/05 23:16:29 INFO  : giai-ma-su-chan-thuc-kien-truc-noi-dung-podcast.webp: Copied (new)
2026/10/05 23:16:29 INFO  : giai-ma-tam-thuc-7-nguyen-tac-hermetic-podcast.webp: Copied (new)
2026/10/05 23:16:29 INFO  : giai-ma-ton-thuong-tam-ly-dr-gabor-mate-podcast.webp: Copied (new)
2026/10/05 23:16:29 INFO  : giai-ma-trang-thai-flow-so-tay-thuc-chien-podcast.webp: Copied (new)
2026/10/05 23:16:30 INFO  : giai-ma-tuoi-tho-dinh-duong-thuc-vat-podcast.webp: Copied (new)
2026/10/05 23:16:30 INFO  : giai-ma-vu-tru-thuyet-tu-gia-lap-podcast.webp: Copied (new)
2026/10/05 23:16:30 INFO  : giai-ma-y-nghia-cuoc-song-cai-chet.webp: Copied (new)
2026/10/05 23:16:30 INFO  : giai-phong-tam-tri-tu-co-the-podcast.webp: Copied (new)
2026/10/05 23:16:30 INFO  : giam-can-thanh-cong-khong-den-tu-dong-luc-chop-nhoang-hay-mot-che-do-kieng-khem-than-thanh-no-la-qua-trinh-chap-nhan-su-that-khoa-hoc-calo.webp: Copied (new)
2026/10/05 23:16:30 INFO  : giao_tiep_phi_1789678454080.webp: Copied (new)
2026/10/05 23:16:31 INFO  : gintoki_sakata_poster_1791005498159.webp: Copied (new)
2026/10/05 23:16:31 INFO  : gioi-han-cua-su-kiem-soat-podcast.webp: Copied (new)
2026/10/05 23:16:31 INFO  : gioi-han-cua-y-chi-nguoi-quan-tuong-01.webp: Copied (new)
2026/10/05 23:16:31 INFO  : giu-cho-duong-cong-glucose-cua-ban-phang-lang-podcast.webp: Copied (new)
2026/10/05 23:16:31 INFO  : gioi-han-cua-y-chi-nguoi-quan-tuong-03-spiritual-science.webp: Copied (new)
2026/10/05 23:16:31 INFO  : gladiator_kyluat.webp: Copied (new)
2026/10/05 23:16:32 INFO  : glengarry_tuchoi.webp: Copied (new)
2026/10/05 23:16:32 INFO  : glory_moon_poster_1791004615396.webp: Copied (new)
2026/10/05 23:16:32 INFO  : goodwillhunting_phuongtrinhloi.webp: Copied (new)
2026/10/05 23:16:32 INFO  : godfather_giatri.webp: Copied (new)
2026/10/05 23:16:32 INFO  : grandbudapest_danghuong.webp: Copied (new)
2026/10/05 23:16:33 INFO  : grow-business-part-time-100k-1m-podcast.webp: Copied (new)
2026/10/05 23:16:33 INFO  : grandbudapest_huuviet.webp: Copied (new)
2026/10/05 23:16:33 INFO  : gut-health-masterclass-giai-ma-he-vi-sinh-duong-ruot-podcast.webp: Copied (new)
2026/10/05 23:16:33 INFO  : greatestshowman_michaelbuble.webp: Copied (new)
2026/10/05 23:16:33 INFO  : hack-tien-hoa-toi-uu-nao-spiritual.webp: Copied (new)
2026/10/05 23:16:33 INFO  : ham-luoi-mat-tay-tho-02-science.webp: Copied (new)
2026/10/05 23:16:33 INFO  : hammat-vai-ban-tay-mo-ho-tro-thien-dinh-science.webp: Copied (new)
2026/10/05 23:16:33 INFO  : hanh-trinh-chua-lanh-khoi-sinh-tu-bong-toi-macklemore-science-podcast.webp: Copied (new)
2026/10/05 23:16:34 INFO  : hanh-trinh-hack-nao-bo-science.webp: Copied (new)
2026/10/05 23:16:34 INFO  : hanh-trinh-chua-lanh-tai-sinh-science-podcast.webp: Copied (new)
2026/10/05 23:16:34 INFO  : hanh-trinh-tam-linh-spiritual.webp: Copied (new)
2026/10/05 23:16:34 INFO  : hanh-trinh-tim-kiem-ban-doi-loi-giai-tu-noi-tam-science-long-form.webp: Copied (new)
2026/10/05 23:16:34 INFO  : hanh-trinh-khai-mo-sang-tao-chua-lanh-noi-dau-podcast.webp: Copied (new)
2026/10/05 23:16:34 INFO  : hanh-trinh-thuc-tinh-nhe-nhang-podcast.webp: Copied (new)
2026/10/05 23:16:35 INFO  : hanh-trinh-tu-ton-thuong-den-coi-nguon-suc-manh.webp: Copied (new)
2026/10/05 23:16:35 INFO  : hanh-trinh-tinh-thuc-kham-pha-ban-nga-loi-giai-tu-mooji-ve-tinh-yeu-tinh-thuc-ru-bo-chap-niem-va-danh-thuc-ngon-lua-tri-tue-ben-trong-ban.webp: Copied (new)
2026/10/05 23:16:35 INFO  : hannibal_lecter_poster_1791005434887.webp: Copied (new)
2026/10/05 23:16:35 INFO  : harry_potter_poster_1790935203988.webp: Copied (new)
2026/10/05 23:16:35 INFO  : hanzo_overwatch_poster_1790935786287.webp: Copied (new)
2026/10/05 23:16:35 INFO  : harvey_specter_poster_1791005427104.webp: Copied (new)
2026/10/05 23:16:35 INFO  : harrypotter_stuoffline.webp: Copied (new)
2026/10/05 23:16:35 INFO  : hateful_eight_poster_1790937274011.webp: Copied (new)
2026/10/05 23:16:36 INFO  : haucung_namvuong_poster_1791004626432.webp: Copied (new)
2026/10/05 23:16:36 INFO  : he-thong-ai-second-brain-va-tu-dong-hoa-vaibhav-sisinty-podcast.webp: Copied (new)
2026/10/05 23:16:36 INFO  : he-thong-phan-bo-dong-tien-chan-dung-ro-ri-cam-xuc-hay-khong-podcast-science.webp: Copied (new)
2026/10/05 23:16:36 INFO  : he-thong-phuc-hop-prompt-4-giai-ma-ban-chat-he-dieu-hanh-vu-tru-va-kien-truc-nhan-thuc-bac-cao.webp: Copied (new)
2026/10/05 23:16:36 INFO  : hearthstone_poster_1790936202762.webp: Copied (new)
2026/10/05 23:16:36 INFO  : hero_vodanh_poster_1791004632121.webp: Copied (new)
2026/10/05 23:16:36 INFO  : hellbound_poster_36_1790955767090.webp: Copied (new)
2026/10/05 23:16:36 INFO  : her_storytelling_claude.webp: Copied (new)
2026/10/05 23:16:36 INFO  : hinh-thanh-myelin-the-nao-science.webp: Copied (new)
2026/10/05 23:16:37 INFO  : hl2_movie_poster_1790932560052.webp: Copied (new)
2026/10/05 23:16:37 INFO  : hoi-tho-khong-chi-de-sinh-ton-do-la-bang-dieu-khien-cua-co-the-science-long-form.webp: Copied (new)
2026/10/05 23:16:37 INFO  : house_of_cards_frank_poster_1791004540144.webp: Copied (new)
2026/10/05 23:16:37 INFO  : housemd_duongruot.webp: Copied (new)
2026/10/05 23:16:38 INFO  : how-to-make-100k-selling-your-knowledge-podcast.webp: Copied (new)
2026/10/05 23:16:38 INFO  : hoang_kim_giap_poster_1791004629838.webp: Copied (new)
2026/10/05 23:16:38 INFO  : how-to-teach-and-grow-rich-business-model-podcast.webp: Copied (new)
2026/10/05 23:16:38 INFO  : iamlegend_diemgay.webp: Copied (new)
2026/10/05 23:16:38 INFO  : imitation_game_prompt.webp: Copied (new)
2026/10/05 23:16:38 INFO  : imitationgame_phuongtrinh.webp: Copied (new)
2026/10/05 23:16:38 INFO  : inception_kechuyen.webp: Copied (new)
2026/10/05 23:16:38 INFO  : imtiaz-ali-filmmaking-storytelling-heartbreak-podcast.webp: Copied (new)
2026/10/05 23:16:39 INFO  : indiana_jones_poster_1790937094485.webp: Copied (new)
2026/10/05 23:16:39 INFO  : inception_logic04.webp: Copied (new)
2026/10/05 23:16:39 INFO  : irobot_law8.webp: Copied (new)
2026/10/05 23:16:39 INFO  : inception_sugiauco.webp: Copied (new)
2026/10/05 23:16:39 INFO  : ironman_blueprint.webp: Copied (new)
2026/10/05 23:16:39 INFO  : ironman_logic05.webp: Copied (new)
2026/10/05 23:16:39 INFO  : itachi_uchiha_poster_1791005481421.webp: Copied (new)
2026/10/05 23:16:39 INFO  : j_robert_oppenheimer_poster_1791005548444.webp: Copied (new)
2026/10/05 23:16:39 INFO  : jack_torrance_poster_1791005530581.webp: Copied (new)
2026/10/05 23:16:40 INFO  : james_bond_poster_1790937093583.webp: Copied (new)
2026/10/05 23:16:40 INFO  : jerry_maguire_poster_1790935565382.webp: Copied (new)
2026/10/05 23:16:40 INFO  : jessica_jones_poster_33_1790955675688.webp: Copied (new)
2026/10/05 23:16:40 INFO  : jerrymaguire_tuchoi.webp: Copied (new)
2026/10/05 23:16:40 INFO  : jin_kazama_poster_1790932563475.webp: Copied (new)
2026/10/05 23:16:40 INFO  : joker_hasanminhaj.webp: Copied (new)
2026/10/05 23:16:40 INFO  : kenshin_himura_poster_1791005638256.webp: Copied (new)
2026/10/05 23:16:40 INFO  : khoa-hoc-cua-chap-tay-spiritual-science.webp: Copied (new)
2026/10/05 23:16:40 INFO  : khai-phong-tiem-nang-sang-tao.webp: Copied (new)
2026/10/05 23:16:41 INFO  : kichbanoffline-01-vuong-the-dien-truoc-ong-kinh.webp: Copied (new)
2026/10/05 23:16:41 INFO  : khong-phai-la-nham-mat-kien-tri-ma-la-su-kien-tri-thu-nghiem-lien-tuc-podcast.webp: Copied (new)
2026/10/05 23:16:41 INFO  : kichbanoffline-03-vuong-quy-trinh-solo.webp: Copied (new)
2026/10/05 23:16:41 INFO  : kichbanoffline-05-tiec-30-phut-lam-video-cho-ca-ngay.webp: Copied (new)
2026/10/05 23:16:41 INFO  : kichbanoffline-kich-ban-08-chuyen-mon-vung-nhung-vang-khach.webp: Copied (new)
2026/10/05 23:16:41 INFO  : kichbanoffline-kich-ban-bds-30-phut-dap-tan-su-tri-hoan.webp: Copied (new)
2026/10/05 23:16:41 INFO  : kichbanoffline.webp: Copied (new)
2026/10/05 23:16:42 INFO  : kichbanoffline_phau_thuat_1789678691212.webp: Copied (new)
2026/10/05 23:16:42 INFO  : kiem-soat-insulin-science.webp: Copied (new)
2026/10/05 23:16:42 INFO  : kien-truc-thuc-tai-buc-man-ao-giac-science.webp: Copied (new)
2026/10/05 23:16:42 INFO  : kien-truc-toi-uu-hoa-nao-bo-hanh-vi-science.webp: Copied (new)
2026/10/05 23:16:42 INFO  : kingdom_poster_29_1789842768703.webp: Copied (new)
2026/10/05 23:16:42 INFO  : kieu_poster_28_1790955534190.webp: Copied (new)
2026/10/05 23:16:42 INFO  : kingsspeech_luuloat.webp: Copied (new)
2026/10/05 23:16:42 INFO  : ky-luat-giao-tiep-giai-ma-tam-ly-science.webp: Copied (new)
2026/10/05 23:16:43 INFO  : ky-nguyen-ai-tinh-nguoi-science.webp: Copied (new)
2026/10/05 23:16:43 INFO  : ky-luat-khong-phai-la-su-ep-buoc-dau-kho-ma-la-qua-trinh-thiet-ke-mot-he-thong-moi-truong-va-thoi-quen-sao-cho-viec-lam-dieu-dung-dan-tro.webp: Copied (new)
2026/10/05 23:16:43 INFO  : l_lawliet_poster_1791005498913.webp: Copied (new)
2026/10/05 23:16:43 INFO  : lakshya-sen-olympic-champion-mindset-resilience-podcast.webp: Copied (new)
2026/10/05 23:16:43 INFO  : lalaland_tinhyeu.webp: Copied (new)
2026/10/05 23:16:43 INFO  : kratos_cosplay_poster_1790937098001.webp: Copied (new)
2026/10/05 23:16:44 INFO  : lam-chu-tam-tri-ky-luat-podcast.webp: Copied (new)
2026/10/05 23:16:44 INFO  : landing-page-giai-ma-hanh-vi-loi-ich-vo-ly-02-science.webp: Copied (new)
2026/10/05 23:16:44 INFO  : lat-do-dinh-menh-khai-mo-tam-tri-podcast.webp: Copied (new)
2026/10/05 23:16:44 INFO  : last_samurai_poster_1790935557421.webp: Copied (new)
2026/10/05 23:16:44 INFO  : law-5-stress-is-not-what-happens-to-you.webp: Copied (new)
2026/10/05 23:16:44 INFO  : league_own_poster_1790932563111.webp: Copied (new)
2026/10/05 23:16:44 INFO  : law-4-ai-made-iq-and-eq-accessible.webp: Copied (new)
2026/10/05 23:16:44 INFO  : level-up-your-communication-skills-masterclass-podcast.webp: Copied (new)
2026/10/05 23:16:44 INFO  : life-knowledge-01-long-form.webp: Copied (new)
2026/10/05 23:16:44 INFO  : life-knowledge-02-science-long-form.webp: Copied (new)
2026/10/05 23:16:44 INFO  : light_yagami_poster_1791005487652.webp: Copied (new)
2026/10/05 23:16:45 INFO  : limitless_duonghuyet.webp: Copied (new)
2026/10/05 23:16:45 INFO  : logickenh.webp: Copied (new)
2026/10/05 23:16:45 INFO  : logickenh-xaykenh.webp: Copied (new)
2026/10/05 23:16:45 INFO  : logicxaykenh-logic-xay-kenh-chuyen-gia.webp: Copied (new)
2026/10/05 23:16:45 INFO  : lonesurvivor_rucking.webp: Copied (new)
2026/10/05 23:16:45 INFO  : logicxaykenh.webp: Copied (new)
2026/10/05 23:16:45 INFO  : mad_max_poster_1790935188851.webp: Copied (new)
2026/10/05 23:16:46 INFO  : mad_men.webp: Copied (new)
2026/10/05 23:16:46 INFO  : madmax_tinhthuc.webp: Copied (new)
2026/10/05 23:16:46 INFO  : margincall_baohiem.webp: Copied (new)
2026/10/05 23:16:46 INFO  : master_chief_poster_1791005517722.webp: Copied (new)
2026/10/05 23:16:46 INFO  : masterclass-giai-ma-suc-khoe-sinh-ly-khoai-cam-nu-dr-rachel-rubin-podcast.webp: Copied (new)
2026/10/05 23:16:46 INFO  : lotr_check_anh.webp: Copied (new)
2026/10/05 23:16:46 INFO  : matrix_gioihan.webp: Copied (new)
2026/10/05 23:16:46 INFO  : matrix_chatluong.webp: Copied (new)
2026/10/05 23:16:47 INFO  : max_payne_poster_1791005519485.webp: Copied (new)
2026/10/05 23:16:47 INFO  : mat-ma-cua-su-loi-cuon-podcast-science.webp: Copied (new)
2026/10/05 23:16:47 INFO  : memento_tattoo.webp: Copied (new)
2026/10/05 23:16:47 INFO  : mentalist_hacktamtri.webp: Copied (new)
2026/10/05 23:16:47 INFO  : meylin-va-66-ngay-science.webp: Copied (new)
2026/10/05 23:16:47 INFO  : mha_deku_poster_1790935721993.webp: Copied (new)
2026/10/05 23:16:47 INFO  : met-moi-di-chuyen-xa-science.webp: Copied (new)
2026/10/05 23:16:47 INFO  : midnightinparis_substack.webp: Copied (new)
2026/10/05 23:16:47 INFO  : mindhunter_holden_poster_1791004536510.webp: Copied (new)
2026/10/05 23:16:48 INFO  : minorityreport_mentalsystem.webp: Copied (new)
2026/10/05 23:16:48 INFO  : missing_link_poster_31_1789842789119.webp: Copied (new)
2026/10/05 23:16:48 INFO  : mister_park_poster_1791004592585.webp: Copied (new)
2026/10/05 23:16:48 INFO  : mo-hoa.webp: Copied (new)
2026/10/05 23:16:48 INFO  : mockingbird_poster_1790935192358.webp: Copied (new)
2026/10/05 23:16:48 INFO  : mizu_poster_1791005064469.webp: Copied (new)
2026/10/05 23:16:49 INFO  : moi-doanh-nghiep-that-bai-trong-viec-chot-sale-vi-mac-benh-ai-ky-thich-noi-ve-su-menh-cua-minh-thay-vi-giai-quyet-noi-dau-dang-chay-mau-cua-khach-hang-podcast-science.webp: Copied (new)
2026/10/05 23:16:49 INFO  : mokksh-sani-liquor-retail-business-economics-podcast.webp: Copied (new)
2026/10/05 23:16:49 INFO  : moneyball_contentgameplan.webp: Copied (new)
2026/10/05 23:16:49 INFO  : monster_tenma_poster_1791004138174.webp: Copied (new)
2026/10/05 23:16:49 INFO  : moving_dooshik_poster_1791004610812.webp: Copied (new)
2026/10/05 23:16:49 INFO  : mr_robot_poster_38_1790955861219.webp: Copied (new)
2026/10/05 23:16:49 INFO  : mrsmith_bandoi.webp: Copied (new)
2026/10/05 23:16:50 INFO  : mrrobot_complex7.webp: Copied (new)
2026/10/05 23:16:50 INFO  : morpheus_poster_1791005186254.webp: Copied (new)
2026/10/05 23:16:50 INFO  : my_hero_academia.webp: Copied (new)
2026/10/05 23:16:50 INFO  : nang-luc-cat-bo-bot-cac-lop-dinh-danh-ao-science.webp: Copied (new)
2026/10/05 23:16:50 INFO  : napoleondynamite_trangdang.webp: Copied (new)
2026/10/05 23:16:50 INFO  : nang-luong-song-qua-quan-sat.webp: Copied (new)
2026/10/05 23:16:50 INFO  : neu-chi-dung-ly-tri-khuyen-bao-ban-than-hay-quen-di-dieu-do-chang-khac-nao-dung-phan-mem-de-sua-mot-chiec-o-cung-bi-vo-vat-ly-chua-lanh-thuc-su-phai-bat-dau-tu-viec-day-co-the-cam-thay-an-toan-tro-lai-podcast-science.webp: Copied (new)
2026/10/05 23:16:50 INFO  : naruto_ninja_poster_1790935054481.webp: Copied (new)
2026/10/05 23:16:51 INFO  : new-way-to-win-on-youtube-podcast.webp: Copied (new)
2026/10/05 23:16:51 INFO  : nghe-thuat-chuyen-minh-10-nam-dam-phan-hop-dong-molly-mcadam-podcast.webp: Copied (new)
2026/10/05 23:16:51 INFO  : nexus-kien-truc-thong-tin-science.webp: Copied (new)
2026/10/05 23:16:51 INFO  : nghe-thuat-cua-nhung-quyet-dinh-vi-dai-podcast.webp: Copied (new)
2026/10/05 23:16:51 INFO  : ngung-do-loi-cho-gen-xau-hay-so-phan-moi-roi-loan-tam-ly-tu-tram-cam-lo-au-adhd-den-tu-ky-ve-ban-chat-sau-xa-nhat-deu-la-roi-loan-chuyen.webp: Copied (new)
2026/10/05 23:16:51 INFO  : ngu-day-chay-nuoc-mui-science.webp: Copied (new)
2026/10/05 23:16:51 INFO  : nhan-ra-man-hinh-chieu-phim-cua-tam-thuc-podcast.webp: Copied (new)
2026/10/05 23:16:51 INFO  : nightcrawler_brollbank.webp: Copied (new)
2026/10/05 23:16:51 INFO  : nightcrawler_lou_poster_1791004525777.webp: Copied (new)
2026/10/05 23:16:52 INFO  : no-den-tu-long-dung-cam-dam-lam-ra-nhung-video-toi-te-ban-dau-kien-tri-cai-thien-1-moi-ngay-va-tap-trung-phuc-vu-sau-sac-cho-nhom-khan-gia-ngach-dang-chiu-chung-noi-dau-ma-ban-tung-vuot-qua-podcast.webp: Copied (new)
2026/10/05 23:16:52 INFO  : nocountry_anton_poster_1791004520333.webp: Copied (new)
2026/10/05 23:16:52 INFO  : noi-dau-va-nhung-goc-toi-tam-nhat-cua-con-nguoi-khong-phai-la-thu-de-choi-bo-no-la-canh-cua-bat-buoc-phai-di-qua-de-dat-duoc-su-thuc-tinh.webp: Copied (new)
2026/10/05 23:16:52 INFO  : nowyouseeme_hacktamtri.webp: Copied (new)
2026/10/05 23:16:52 INFO  : oceans11_100k.webp: Copied (new)
2026/10/05 23:16:52 INFO  : oi-uu-ram-nho-03-nhom-2-van-hanh-trong-ngay-science.webp: Copied (new)
2026/10/05 23:16:52 INFO  : oldboy_daesu_poster_1791004596339.webp: Copied (new)
2026/10/05 23:16:52 INFO  : ozark_marty_poster_1791004542507.webp: Copied (new)
2026/10/05 23:16:52 INFO  : parasite_kitaek_poster_1791004592323.webp: Copied (new)
2026/10/05 23:16:53 INFO  : patchadams_hanhphuc.webp: Copied (new)
2026/10/05 23:16:53 INFO  : p3_makoto_poster_1790935724140.webp: Copied (new)
2026/10/05 23:16:53 INFO  : patrick_bateman_poster_1791005459528.webp: Copied (new)
2026/10/05 23:16:53 INFO  : persona4_movie_poster_1790934914143.webp: Copied (new)
2026/10/05 23:16:53 INFO  : peakyblinders_strategy.webp: Copied (new)
2026/10/05 23:16:53 INFO  : phantom_opera_poster_1790932577613.webp: Copied (new)
2026/10/05 23:16:53 INFO  : personal-brand-blueprint-film-everything-podcast.webp: Copied (new)
2026/10/05 23:16:53 INFO  : pointbreak_flow.webp: Copied (new)
2026/10/05 23:16:54 INFO  : podcast-deepthink-05-science-podcast.webp: Copied (new)
2026/10/05 23:16:54 INFO  : poster_101_1791010366240.webp: Copied (new)
2026/10/05 23:16:54 INFO  : poster_100_1791010281883.webp: Copied (new)
2026/10/05 23:16:54 INFO  : poster_102_1791010246161.webp: Copied (new)
2026/10/05 23:16:54 INFO  : poster_104_1791009462577.webp: Copied (new)
2026/10/05 23:16:54 INFO  : poster_103_1791009573307.webp: Copied (new)
2026/10/05 23:16:54 INFO  : poster_105_1791010248804.webp: Copied (new)
2026/10/05 23:16:54 INFO  : poster_106_1791010242807.webp: Copied (new)
2026/10/05 23:16:55 INFO  : poster_107_1791010547993.webp: Copied (new)
2026/10/05 23:16:55 INFO  : poster_108_1791010536536.webp: Copied (new)
2026/10/05 23:16:55 INFO  : poster_109_1791010526844.webp: Copied (new)
2026/10/05 23:16:55 INFO  : poster_10m_ceo_course.webp: Copied (new)
2026/10/05 23:16:55 INFO  : poster_111_1791010647150.webp: Copied (new)
2026/10/05 23:16:55 INFO  : poster_112_1791010903514.webp: Copied (new)
2026/10/05 23:16:55 INFO  : poster_113_1791010528579.webp: Copied (new)
2026/10/05 23:16:56 INFO  : poster_114_1791011008017.webp: Copied (new)
2026/10/05 23:16:56 INFO  : poster_115_1791011003805.webp: Copied (new)
2026/10/05 23:16:56 INFO  : poster_118_1791011011520.webp: Copied (new)
2026/10/05 23:16:56 INFO  : poster_110_1791010525441.webp: Copied (new)
2026/10/05 23:16:56 INFO  : poster_116_1791011007524.webp: Copied (new)
2026/10/05 23:16:56 INFO  : poster_117_1791011027142.webp: Copied (new)
2026/10/05 23:16:57 INFO  : poster_119_1791011011913.webp: Copied (new)
2026/10/05 23:16:57 INFO  : poster_121_1791011143833.webp: Copied (new)
2026/10/05 23:16:57 INFO  : poster_11_years_content_course.webp: Copied (new)
2026/10/05 23:16:57 INFO  : poster_120_1791011030493.webp: Copied (new)
2026/10/05 23:16:57 INFO  : poster_122_1791011146073.webp: Copied (new)
2026/10/05 23:16:57 INFO  : poster_124_1791011145963.webp: Copied (new)
2026/10/05 23:16:57 INFO  : poster_123_1791011182490.webp: Copied (new)
2026/10/05 23:16:57 INFO  : poster_125_1791011154713.webp: Copied (new)
2026/10/05 23:16:58 INFO  : poster_126_1791011173299.webp: Copied (new)
2026/10/05 23:16:58 INFO  : poster_128_1791011271004.webp: Copied (new)
2026/10/05 23:16:58 INFO  : poster_127_1791011165031.webp: Copied (new)
2026/10/05 23:16:58 INFO  : poster_129_1791011268121.webp: Copied (new)
2026/10/05 23:16:58 INFO  : poster_12_menh_lenh_course.webp: Copied (new)
2026/10/05 23:16:58 INFO  : poster_130_1791011278153.webp: Copied (new)
2026/10/05 23:16:58 INFO  : poster_132_1791011271002.webp: Copied (new)
2026/10/05 23:16:58 INFO  : poster_131_1791011267035.webp: Copied (new)
2026/10/05 23:16:59 INFO  : poster_133_1791011264018.webp: Copied (new)
2026/10/05 23:16:59 INFO  : poster_134_1791011290279.webp: Copied (new)
2026/10/05 23:16:59 INFO  : poster_137_1791011403496.webp: Copied (new)
2026/10/05 23:16:59 INFO  : poster_135_1791011405467.webp: Copied (new)
2026/10/05 23:16:59 INFO  : poster_136_1791011506589.webp: Copied (new)
2026/10/05 23:16:59 INFO  : poster_138_1791011407860.webp: Copied (new)
2026/10/05 23:16:59 INFO  : poster_141_1791011412195.webp: Copied (new)
2026/10/05 23:16:59 INFO  : poster_140_1791011413378.webp: Copied (new)
2026/10/05 23:17:00 INFO  : poster_139_1791011411984.webp: Copied (new)
2026/10/05 23:17:00 INFO  : poster_142_1791011609925.webp: Copied (new)
2026/10/05 23:17:00 INFO  : poster_144_1791011592945.webp: Copied (new)
2026/10/05 23:17:00 INFO  : poster_143_1791011597512.webp: Copied (new)
2026/10/05 23:17:00 INFO  : poster_145_1791011611195.webp: Copied (new)
2026/10/05 23:17:00 INFO  : poster_146_1791011617639.webp: Copied (new)
2026/10/05 23:17:00 INFO  : poster_148_1791011612945.webp: Copied (new)
2026/10/05 23:17:00 INFO  : poster_147_1791011605718.webp: Copied (new)
2026/10/05 23:17:00 INFO  : poster_149_1791011712196.webp: Copied (new)
2026/10/05 23:17:00 INFO  : poster_14_goc_may_course.webp: Copied (new)
2026/10/05 23:17:01 INFO  : poster_151_1791011738775.webp: Copied (new)
2026/10/05 23:17:01 INFO  : poster_150_1791011768395.webp: Copied (new)
2026/10/05 23:17:01 INFO  : poster_152_1791011744258.webp: Copied (new)
2026/10/05 23:17:01 INFO  : poster_153_1791011722303.webp: Copied (new)
2026/10/05 23:17:01 INFO  : poster_156_1791011888081.webp: Copied (new)
2026/10/05 23:17:01 INFO  : poster_154_1791011758002.webp: Copied (new)
2026/10/05 23:17:01 INFO  : poster_155_1791011703602.webp: Copied (new)
2026/10/05 23:17:01 INFO  : poster_157_1791011852378.webp: Copied (new)
2026/10/05 23:17:02 INFO  : poster_158_1791011999500.webp: Copied (new)
2026/10/05 23:17:02 INFO  : poster_160_1791011889579.webp: Copied (new)
2026/10/05 23:17:02 INFO  : poster_161_1791011861442.webp: Copied (new)
2026/10/05 23:17:02 INFO  : poster_159_1791011882696.webp: Copied (new)
2026/10/05 23:17:02 INFO  : poster_162_1791011879655.webp: Copied (new)
2026/10/05 23:17:02 INFO  : poster_163_1790956892926.webp: Copied (new)
2026/10/05 23:17:02 INFO  : poster_163_1791012091851.webp: Copied (new)
2026/10/05 23:17:02 INFO  : poster_164_1791012148215.webp: Copied (new)
2026/10/05 23:17:02 INFO  : poster_164_1789663754755.webp: Copied (new)
2026/10/05 23:17:03 INFO  : poster_165_1790956975033.webp: Copied (new)
2026/10/05 23:17:03 INFO  : poster_165_1791012097182.webp: Copied (new)
2026/10/05 23:17:03 INFO  : poster_166_1789663870559.webp: Copied (new)
2026/10/05 23:17:03 INFO  : poster_167_fallback.webp: Copied (new)
2026/10/05 23:17:03 INFO  : poster_167_1791012082880.webp: Copied (new)
2026/10/05 23:17:03 INFO  : poster_166_1791012084943.webp: Copied (new)
2026/10/05 23:17:03 INFO  : poster_168_1791012111066.webp: Copied (new)
2026/10/05 23:17:03 INFO  : poster_168_fallback.webp: Copied (new)
2026/10/05 23:17:03 INFO  : poster_169_1791012083575.webp: Copied (new)
2026/10/05 23:17:04 INFO  : poster_170_fallback.webp: Copied (new)
2026/10/05 23:17:04 INFO  : poster_171_1791012243738.webp: Copied (new)
2026/10/05 23:17:04 INFO  : poster_170_1791012253518.webp: Copied (new)
2026/10/05 23:17:04 INFO  : poster_171_fallback.webp: Copied (new)
2026/10/05 23:17:04 INFO  : poster_169_fallback.webp: Copied (new)
2026/10/05 23:17:04 INFO  : poster_172_1791012275757.webp: Copied (new)
2026/10/05 23:17:04 INFO  : poster_172_fallback_1790957073112.webp: Copied (new)
2026/10/05 23:17:04 INFO  : poster_173_1791012255815.webp: Copied (new)
2026/10/05 23:17:05 INFO  : poster_174_1791012257065.webp: Copied (new)
2026/10/05 23:17:05 INFO  : poster_174_fallback.webp: Copied (new)
2026/10/05 23:17:05 INFO  : poster_173_fallback.webp: Copied (new)
2026/10/05 23:17:05 INFO  : poster_175_1791012343345.webp: Copied (new)
2026/10/05 23:17:05 INFO  : poster_176_1791012274091.webp: Copied (new)
2026/10/05 23:17:05 INFO  : poster_177_1791012468383.webp: Copied (new)
2026/10/05 23:17:05 INFO  : poster_175_fallback_1790957173657.webp: Copied (new)
2026/10/05 23:17:06 INFO  : poster_176_fallback.webp: Copied (new)
2026/10/05 23:17:06 INFO  : poster_177_fallback_1790957174406.webp: Copied (new)
2026/10/05 23:17:06 INFO  : poster_179_1791012449665.webp: Copied (new)
2026/10/05 23:17:06 INFO  : poster_178_fallback_1790957176474.webp: Copied (new)
2026/10/05 23:17:06 INFO  : poster_178_1791012449813.webp: Copied (new)
2026/10/05 23:17:06 INFO  : poster_179_fallback_1790957262677.webp: Copied (new)
2026/10/05 23:17:06 INFO  : poster_180_1791012451187.webp: Copied (new)
2026/10/05 23:17:07 INFO  : poster_181_1791012474131.webp: Copied (new)
2026/10/05 23:17:07 INFO  : poster_181_fallback_1790957301755.webp: Copied (new)
2026/10/05 23:17:07 INFO  : poster_180_fallback_1790957262259.webp: Copied (new)
2026/10/05 23:17:07 INFO  : poster_182_1791012506061.webp: Copied (new)
2026/10/05 23:17:07 INFO  : poster_183_1791012478024.webp: Copied (new)
2026/10/05 23:17:07 INFO  : poster_183_fallback.webp: Copied (new)
2026/10/05 23:17:07 INFO  : poster_186_fallback_1790957388499.webp: Copied (new)
2026/10/05 23:17:07 INFO  : poster_185_fallback.webp: Copied (new)
2026/10/05 23:17:08 INFO  : poster_184_fallback.webp: Copied (new)
2026/10/05 23:17:08 INFO  : poster_187_fallback_1790957387232.webp: Copied (new)
2026/10/05 23:17:08 INFO  : poster_188_fallback.webp: Copied (new)
2026/10/05 23:17:08 INFO  : poster_189_fallback.webp: Copied (new)
2026/10/05 23:17:08 INFO  : poster_18kichban_course.webp: Copied (new)
2026/10/05 23:17:08 INFO  : poster_190_fallback.webp: Copied (new)
2026/10/05 23:17:08 INFO  : poster_191_fallback.webp: Copied (new)
2026/10/05 23:17:09 INFO  : poster_192_fallback_1790959448480.webp: Copied (new)
2026/10/05 23:17:09 INFO  : poster_194_fallback_1790957476202.webp: Copied (new)
2026/10/05 23:17:09 INFO  : poster_191_fallback_1790957475472.webp: Copied (new)
2026/10/05 23:17:09 INFO  : poster_193_fallback_1790959444416.webp: Copied (new)
2026/10/05 23:17:09 INFO  : poster_194_fallback_1790959458904.webp: Copied (new)
2026/10/05 23:17:09 INFO  : poster_197_fallback.webp: Copied (new)
2026/10/05 23:17:09 INFO  : poster_196_fallback.webp: Copied (new)
2026/10/05 23:17:09 INFO  : poster_195_fallback_1790959551161.webp: Copied (new)
2026/10/05 23:17:09 INFO  : 
Transferred:   	   47.190 MiB / 144.261 MiB, 33%, 775.416 KiB/s, ETA 2m8s
Checks:                48 / 48, 100%, Listed 1655
Transferred:          466 / 1314, 35%
Elapsed time:       1m0.0s
Transferring:
 *                      poster_198_fallback.webp:100% / 67.174 KiB, 0 B/s, -
 *        poster_199_fallback_1790959572779.webp:100% / 93.072 KiB, 0 B/s, -
 *                   poster_1_1790978135096.webp:100% / 71.365 KiB, 0 B/s, -
 *              poster_2001_a_space_odyssey.webp:100% / 153.254 KiB, 0 B/s, -

2026/10/05 23:17:10 INFO  : poster_2001_a_space_odyssey.webp: Copied (new)
2026/10/05 23:17:10 INFO  : poster_199_fallback_1790959572779.webp: Copied (new)
2026/10/05 23:17:10 INFO  : poster_198_fallback.webp: Copied (new)
2026/10/05 23:17:10 INFO  : poster_1_1790978135096.webp: Copied (new)
2026/10/05 23:17:10 INFO  : poster_200_fallback.webp: Copied (new)
2026/10/05 23:17:10 INFO  : poster_202_fallback.webp: Copied (new)
2026/10/05 23:17:10 INFO  : poster_201_fallback.webp: Copied (new)
2026/10/05 23:17:11 INFO  : poster_203_fallback_1790959706688.webp: Copied (new)
2026/10/05 23:17:11 INFO  : poster_204_fallback_1790959703158.webp: Copied (new)
2026/10/05 23:17:11 INFO  : poster_205_fallback_1790959813349.webp: Copied (new)
2026/10/05 23:17:11 INFO  : poster_208_fallback_1790959815448.webp: Copied (new)
2026/10/05 23:17:11 INFO  : poster_206_fallback.webp: Copied (new)
2026/10/05 23:17:11 INFO  : poster_209_fallback.webp: Copied (new)
2026/10/05 23:17:11 INFO  : poster_210_fallback_1790959820678.webp: Copied (new)
2026/10/05 23:17:11 INFO  : poster_211_fallback_1790959911346.webp: Copied (new)
2026/10/05 23:17:11 INFO  : poster_212_fallback.webp: Copied (new)
2026/10/05 23:17:11 INFO  : poster_213_fallback.webp: Copied (new)
2026/10/05 23:17:12 INFO  : poster_214_fallback.webp: Copied (new)
2026/10/05 23:17:12 INFO  : poster_217_fallback_1790931472294.webp: Copied (new)
2026/10/05 23:17:12 INFO  : poster_215_fallback_1790959916755.webp: Copied (new)
2026/10/05 23:17:12 INFO  : poster_216_fallback_1790960054872.webp: Copied (new)
2026/10/05 23:17:12 INFO  : poster_219_fallback.webp: Copied (new)
2026/10/05 23:17:12 INFO  : poster_21_1789861219442.webp: Copied (new)
2026/10/05 23:17:12 INFO  : poster_218_fallback_1790960053199.webp: Copied (new)
2026/10/05 23:17:12 INFO  : poster_220_fallback_1790960052750.webp: Copied (new)
2026/10/05 23:17:13 INFO  : poster_222_fallback.webp: Copied (new)
2026/10/05 23:17:13 INFO  : poster_221_fallback_1790966735814.webp: Copied (new)
2026/10/05 23:17:13 INFO  : poster_223_fallback.webp: Copied (new)
2026/10/05 23:17:13 INFO  : poster_224_fallback.webp: Copied (new)
2026/10/05 23:17:13 INFO  : poster_227_fallback_1790967029089.webp: Copied (new)
2026/10/05 23:17:13 INFO  : poster_225_fallback.webp: Copied (new)
2026/10/05 23:17:13 INFO  : poster_228_fallback.webp: Copied (new)
2026/10/05 23:17:13 INFO  : poster_226_fallback.webp: Copied (new)
2026/10/05 23:17:14 INFO  : poster_229_fallback_1790967031158.webp: Copied (new)
2026/10/05 23:17:14 INFO  : poster_231_fallback.webp: Copied (new)
2026/10/05 23:17:14 INFO  : poster_22_1789861229588.webp: Copied (new)
2026/10/05 23:17:14 INFO  : poster_232_fallback_1790967234763.webp: Copied (new)
2026/10/05 23:17:14 INFO  : poster_234_fallback_1790967337856.webp: Copied (new)
2026/10/05 23:17:14 INFO  : poster_233_fallback_1790967334304.webp: Copied (new)
2026/10/05 23:17:14 INFO  : poster_235_fallback_1790967332157.webp: Copied (new)
2026/10/05 23:17:14 INFO  : poster_238_fallback_1790967451850.webp: Copied (new)
2026/10/05 23:17:14 INFO  : poster_237_fallback.webp: Copied (new)
2026/10/05 23:17:15 INFO  : poster_239_fallback_1790967555659.webp: Copied (new)
2026/10/05 23:17:15 INFO  : poster_236_fallback.webp: Copied (new)
2026/10/05 23:17:15 INFO  : poster_240_fallback.webp: Copied (new)
2026/10/05 23:17:15 INFO  : poster_241_fallback.webp: Copied (new)
2026/10/05 23:17:15 INFO  : poster_23_1789861240061.webp: Copied (new)
2026/10/05 23:17:15 INFO  : poster_242_fallback.webp: Copied (new)
2026/10/05 23:17:15 INFO  : poster_243_fallback_1790967651563.webp: Copied (new)
2026/10/05 23:17:15 INFO  : poster_244.webp: Copied (new)
2026/10/05 23:17:15 INFO  : poster_245.webp: Copied (new)
2026/10/05 23:17:16 INFO  : poster_246_1790967747790.webp: Copied (new)
2026/10/05 23:17:16 INFO  : poster_248.webp: Copied (new)
2026/10/05 23:17:16 INFO  : poster_247_1790967860874.webp: Copied (new)
2026/10/05 23:17:16 INFO  : poster_249.webp: Copied (new)
2026/10/05 23:17:16 INFO  : poster_24_1789861250289.webp: Copied (new)
2026/10/05 23:17:17 INFO  : poster_251_1790967960839.webp: Copied (new)
2026/10/05 23:17:17 INFO  : poster_252.webp: Copied (new)
2026/10/05 23:17:17 INFO  : poster_250_1790967956040.webp: Copied (new)
2026/10/05 23:17:17 INFO  : poster_253_1790968292456.webp: Copied (new)
2026/10/05 23:17:17 INFO  : poster_253_1790977119409.webp: Copied (new)
2026/10/05 23:17:17 INFO  : poster_255_1790977244628.webp: Copied (new)
2026/10/05 23:17:17 INFO  : poster_254_1790977242209.webp: Copied (new)
2026/10/05 23:17:18 INFO  : poster_256_1790977242768.webp: Copied (new)
2026/10/05 23:17:18 INFO  : poster_257_1790977242256.webp: Copied (new)
2026/10/05 23:17:18 INFO  : poster_259_1790977322951.webp: Copied (new)
2026/10/05 23:17:18 INFO  : poster_258_1790977324356.webp: Copied (new)
2026/10/05 23:17:18 INFO  : poster_261_made_in_abyss.webp: Copied (new)
2026/10/05 23:17:18 INFO  : poster_262_1790977325765.webp: Copied (new)
2026/10/05 23:17:18 INFO  : poster_260_1790977325062.webp: Copied (new)
2026/10/05 23:17:18 INFO  : poster_263_that_son_tam_1790977414305.webp: Copied (new)
2026/10/05 23:17:19 INFO  : poster_265_kill_la_kill.webp: Copied (new)
2026/10/05 23:17:19 INFO  : poster_264_severance_1790977418811.webp: Copied (new)
2026/10/05 23:17:19 INFO  : poster_266_1790977495509.webp: Copied (new)
2026/10/05 23:17:19 INFO  : poster_267_1790977495565.webp: Copied (new)
2026/10/05 23:17:19 INFO  : poster_269_1790977498164.webp: Copied (new)
2026/10/05 23:17:19 INFO  : poster_271_quy_cau_1790977581988.webp: Copied (new)
2026/10/05 23:17:19 INFO  : poster_270.webp: Copied (new)
2026/10/05 23:17:19 INFO  : poster_268_1790977497524.webp: Copied (new)
2026/10/05 23:17:20 INFO  : poster_272_ozark_1790977580418.webp: Copied (new)
2026/10/05 23:17:20 INFO  : poster_273_fate_stay_night.webp: Copied (new)
2026/10/05 23:17:20 INFO  : poster_274_kim_pos_1790984918669.webp: Copied (new)
2026/10/05 23:17:20 INFO  : poster_275_chi_chi_em_em.webp: Copied (new)
2026/10/05 23:17:20 INFO  : poster_279_1789612_1790984893664.webp: Copied (new)
2026/10/05 23:17:20 INFO  : poster_276_itaewon_class.webp: Copied (new)
2026/10/05 23:17:20 INFO  : poster_281_1789612862471.webp: Copied (new)
2026/10/05 23:17:20 INFO  : poster_280_1789612_1790978804326.webp: Copied (new)
2026/10/05 23:17:21 INFO  : poster_284_1789612900428.webp: Copied (new)
2026/10/05 23:17:21 INFO  : poster_283_1789612886392.webp: Copied (new)
2026/10/05 23:17:21 INFO  : poster_282_1789613_1790984203244.webp: Copied (new)
2026/10/05 23:17:21 INFO  : poster_285_1789613_1790985922273.webp: Copied (new)
2026/10/05 23:17:21 INFO  : poster_287_1789613082475.webp: Copied (new)
2026/10/05 23:17:21 INFO  : poster_286_1789613068457.webp: Copied (new)
2026/10/05 23:17:21 INFO  : poster_288_1790932273709.webp: Copied (new)
2026/10/05 23:17:21 INFO  : poster_289_1790932271097.webp: Copied (new)
2026/10/05 23:17:22 INFO  : poster_290_1790932273483.webp: Copied (new)
2026/10/05 23:17:22 INFO  : poster_293_1790932369323.webp: Copied (new)
2026/10/05 23:17:22 INFO  : poster_292_1790932371274.webp: Copied (new)
2026/10/05 23:17:22 INFO  : poster_291_1790932272009.webp: Copied (new)
2026/10/05 23:17:22 INFO  : poster_295_1789613299042.webp: Copied (new)
2026/10/05 23:17:23 INFO  : poster_296_1789613313929.webp: Copied (new)
2026/10/05 23:17:23 INFO  : poster_297_1790932450218.webp: Copied (new)
2026/10/05 23:17:23 INFO  : poster_294_1790932375030.webp: Copied (new)
2026/10/05 23:17:23 INFO  : poster_30.webp: Copied (new)
2026/10/05 23:17:23 INFO  : poster_298_1790932453109.webp: Copied (new)
2026/10/05 23:17:23 INFO  : poster_300_1789613362843.webp: Copied (new)
2026/10/05 23:17:23 INFO  : poster_299_1790932454909.webp: Copied (new)
2026/10/05 23:17:24 INFO  : poster_305.webp: Copied (new)
2026/10/05 23:17:24 INFO  : poster_304.webp: Copied (new)
2026/10/05 23:17:24 INFO  : poster_304_1790932726364.webp: Copied (new)
2026/10/05 23:17:24 INFO  : poster_300_1790932637798.webp: Copied (new)
2026/10/05 23:17:24 INFO  : poster_307.webp: Copied (new)
2026/10/05 23:17:24 INFO  : poster_305_1790932744592.webp: Copied (new)
2026/10/05 23:17:24 INFO  : poster_306.webp: Copied (new)
2026/10/05 23:17:25 INFO  : poster_308.webp: Copied (new)
2026/10/05 23:17:25 INFO  : poster_313.webp: Copied (new)
2026/10/05 23:17:25 INFO  : poster_318.webp: Copied (new)
2026/10/05 23:17:25 INFO  : poster_315.webp: Copied (new)
2026/10/05 23:17:25 INFO  : poster_319.webp: Copied (new)
2026/10/05 23:17:25 INFO  : poster_325_ponyo.webp: Copied (new)
2026/10/05 23:17:25 INFO  : poster_31_1790945208162.webp: Copied (new)
2026/10/05 23:17:25 INFO  : poster_327_creed_iii.webp: Copied (new)
2026/10/05 23:17:26 INFO  : poster_32_1790945395756.webp: Copied (new)
2026/10/05 23:17:26 INFO  : poster_332_arcane.webp: Copied (new)
2026/10/05 23:17:26 INFO  : poster_339_qua_tim_mau.webp: Copied (new)
2026/10/05 23:17:26 INFO  : poster_335_bi_dung_so.webp: Copied (new)
2026/10/05 23:17:26 INFO  : poster_340_witcher.webp: Copied (new)
2026/10/05 23:17:26 INFO  : poster_342_powerpuff.webp: Copied (new)
2026/10/05 23:17:27 INFO  : poster_343_trang_quynh.webp: Copied (new)
2026/10/05 23:17:27 INFO  : poster_350_turning_red_1790941100528.webp: Copied (new)
2026/10/05 23:17:27 INFO  : poster_346_monsters_inc.webp: Copied (new)
2026/10/05 23:17:27 INFO  : poster_349_kengan_ashura_1790940967517.webp: Copied (new)
2026/10/05 23:17:27 INFO  : poster_351_co_hau_gai_1790940956009.webp: Copied (new)
2026/10/05 23:17:27 INFO  : poster_352_silicon_valley_1790940951783.webp: Copied (new)
2026/10/05 23:17:27 INFO  : poster_354_cars_1790941215973.webp: Copied (new)
2026/10/05 23:17:28 INFO  : poster_355_tam_cam_1790941221810.webp: Copied (new)
2026/10/05 23:17:28 INFO  : poster_369_top-sales-expert-simple-sales-trick-money-podcast.webp: Copied (new)
2026/10/05 23:17:28 INFO  : poster_353_chainsaw_man_1790940955935.webp: Copied (new)
2026/10/05 23:17:28 INFO  : poster_4.webp: Copied (new)
2026/10/05 23:17:28 INFO  : poster_5.webp: Copied (new)
2026/10/05 23:17:28 INFO  : poster_513.webp: Copied (new)
2026/10/05 23:17:28 INFO  : poster_514.webp: Copied (new)
2026/10/05 23:17:29 INFO  : poster_515.webp: Copied (new)
2026/10/05 23:17:29 INFO  : poster_53.webp: Copied (new)
2026/10/05 23:17:29 INFO  : poster_517.webp: Copied (new)
2026/10/05 23:17:29 INFO  : poster_516.webp: Copied (new)
2026/10/05 23:17:29 INFO  : poster_54.webp: Copied (new)
2026/10/05 23:17:29 INFO  : poster_55.webp: Copied (new)
2026/10/05 23:17:30 INFO  : poster_57_1790945758943.webp: Copied (new)
2026/10/05 23:17:30 INFO  : poster_56.webp: Copied (new)
2026/10/05 23:17:30 INFO  : poster_58_1790945758419.webp: Copied (new)
2026/10/05 23:17:30 INFO  : poster_59_1790945760391.webp: Copied (new)
2026/10/05 23:17:30 INFO  : poster_60_1790945760965.webp: Copied (new)
2026/10/05 23:17:30 INFO  : poster_66_1790946151214.webp: Copied (new)
2026/10/05 23:17:31 INFO  : poster_67_1790946154132.webp: Copied (new)
2026/10/05 23:17:31 INFO  : poster_68.webp: Copied (new)
2026/10/05 23:17:31 INFO  : poster_62_1790945936940.webp: Copied (new)
2026/10/05 23:17:31 INFO  : poster_69_1790946266747.webp: Copied (new)
2026/10/05 23:17:31 INFO  : poster_71_1790946265165.webp: Copied (new)
2026/10/05 23:17:31 INFO  : poster_72.webp: Copied (new)
2026/10/05 23:17:31 INFO  : poster_70_1790946263675.webp: Copied (new)
2026/10/05 23:17:31 INFO  : poster_73_1790946265651.webp: Copied (new)
2026/10/05 23:17:31 INFO  : poster_74_1790946494260.webp: Copied (new)
2026/10/05 23:17:31 INFO  : poster_75_1790946494756.webp: Copied (new)
2026/10/05 23:17:32 INFO  : poster_77_1790953235997.webp: Copied (new)
2026/10/05 23:17:32 INFO  : poster_76_1790946486516.webp: Copied (new)
2026/10/05 23:17:32 INFO  : poster_78.webp: Copied (new)
2026/10/05 23:17:32 INFO  : poster_79.webp: Copied (new)
2026/10/05 23:17:32 INFO  : poster_81.webp: Copied (new)
2026/10/05 23:17:32 INFO  : poster_80.webp: Copied (new)
2026/10/05 23:17:32 INFO  : poster_83.webp: Copied (new)
2026/10/05 23:17:32 INFO  : poster_82_1790955216042.webp: Copied (new)
2026/10/05 23:17:32 INFO  : poster_84_1791009156375.webp: Copied (new)
2026/10/05 23:17:33 INFO  : poster_84.webp: Copied (new)
2026/10/05 23:17:33 INFO  : poster_85_1789663848434.webp: Copied (new)
2026/10/05 23:17:33 INFO  : poster_85_1791009158388.webp: Copied (new)
2026/10/05 23:17:33 INFO  : poster_86_1791009142946.webp: Copied (new)
2026/10/05 23:17:33 INFO  : poster_87_1791009219556.webp: Copied (new)
2026/10/05 23:17:33 INFO  : poster_88_1791009158399.webp: Copied (new)
2026/10/05 23:17:33 INFO  : poster_89_1791009142880.webp: Copied (new)
2026/10/05 23:17:33 INFO  : poster_90_1791009143233.webp: Copied (new)
2026/10/05 23:17:34 INFO  : poster_92_1791009341788.webp: Copied (new)
2026/10/05 23:17:34 INFO  : poster_91_1791009337853.webp: Copied (new)
2026/10/05 23:17:34 INFO  : poster_93_1791009357418.webp: Copied (new)
2026/10/05 23:17:34 INFO  : poster_95_1791009339901.webp: Copied (new)
2026/10/05 23:17:34 INFO  : poster_94_1791009339904.webp: Copied (new)
2026/10/05 23:17:34 INFO  : poster_96_1791009353002.webp: Copied (new)
2026/10/05 23:17:34 INFO  : poster_97_1791009357144.webp: Copied (new)
2026/10/05 23:17:34 INFO  : poster_98_1791010293977.webp: Copied (new)
2026/10/05 23:17:34 INFO  : poster_99_1791010289813.webp: Copied (new)
2026/10/05 23:17:35 INFO  : poster_a_clockwork_orange.webp: Copied (new)
2026/10/05 23:17:35 INFO  : poster_a_fistful_of_dollars_1790923164337.webp: Copied (new)
2026/10/05 23:17:35 INFO  : poster_a_separation.webp: Copied (new)
2026/10/05 23:17:35 INFO  : poster_akira.webp: Copied (new)
2026/10/05 23:17:35 INFO  : poster_american_beauty_1790916321642.webp: Copied (new)
2026/10/05 23:17:35 INFO  : poster_amelie.webp: Copied (new)
2026/10/05 23:17:35 INFO  : poster_aot_bang_mach.webp: Copied (new)
2026/10/05 23:17:35 INFO  : poster_apocalypse_now_1790917318354.webp: Copied (new)
2026/10/05 23:17:36 INFO  : poster_apex_legends.webp: Copied (new)
2026/10/05 23:17:36 INFO  : poster_audit_dashboard_1790931754714.webp: Copied (new)
2026/10/05 23:17:36 INFO  : poster_avatar.webp: Copied (new)
2026/10/05 23:17:36 INFO  : poster_baby_driver_1790930103773.webp: Copied (new)
2026/10/05 23:17:36 INFO  : poster_bicycle_thieves.webp: Copied (new)
2026/10/05 23:17:36 INFO  : poster_batman_begins.webp: Copied (new)
2026/10/05 23:17:36 INFO  : poster_bioshock.webp: Copied (new)
2026/10/05 23:17:36 INFO  : poster_bleach_1790916780212.webp: Copied (new)
2026/10/05 23:17:36 INFO  : poster_bloodborne.webp: Copied (new)
2026/10/05 23:17:36 INFO  : poster_borderlands_1790931672429.webp: Copied (new)
2026/10/05 23:17:37 INFO  : poster_butch_cassidy.webp: Copied (new)
2026/10/05 23:17:37 INFO  : poster_captain_america_1790929809885.webp: Copied (new)
2026/10/05 23:17:37 INFO  : poster_chainsaw_man.webp: Copied (new)
2026/10/05 23:17:37 INFO  : poster_chicago.webp: Copied (new)
2026/10/05 23:17:37 INFO  : poster_children_of_heaven.webp: Copied (new)
2026/10/05 23:17:37 INFO  : poster_cinema_paradiso_1790915476157.webp: Copied (new)
2026/10/05 23:17:37 INFO  : poster_citizen_kane_1790917222211.webp: Copied (new)
2026/10/05 23:17:37 INFO  : poster_city_of_god.webp: Copied (new)
2026/10/05 23:17:38 INFO  : poster_cowboy_bebop.webp: Copied (new)
2026/10/05 23:17:38 INFO  : poster_code_geass.webp: Copied (new)
2026/10/05 23:17:38 INFO  : poster_cyberpunk_edgerunners_1790915132347.webp: Copied (new)
2026/10/05 23:17:38 INFO  : poster_creed.webp: Copied (new)
2026/10/05 23:17:38 INFO  : poster_dances_with_wolves.webp: Copied (new)
2026/10/05 23:17:38 INFO  : poster_dangal.webp: Copied (new)
2026/10/05 23:17:38 INFO  : poster_dark_souls_1790916211974.webp: Copied (new)
2026/10/05 23:17:38 INFO  : poster_das_boot_1790917080077.webp: Copied (new)
2026/10/05 23:17:38 INFO  : poster_death_note.webp: Copied (new)
2026/10/05 23:17:39 INFO  : poster_demon_slayer_1790915460661.webp: Copied (new)
2026/10/05 23:17:39 INFO  : poster_days_of_thunder_1790923619572.webp: Copied (new)
2026/10/05 23:17:39 INFO  : poster_divergent.webp: Copied (new)
2026/10/05 23:17:39 INFO  : poster_dishonored.webp: Copied (new)
2026/10/05 23:17:39 INFO  : poster_doom.webp: Copied (new)
2026/10/05 23:17:39 INFO  : poster_downfall.webp: Copied (new)
2026/10/05 23:17:39 INFO  : poster_dragon_ball_1790917221401.webp: Copied (new)
2026/10/05 23:17:39 INFO  : poster_eternal_sunshine_v2.webp: Copied (new)
2026/10/05 23:17:40 INFO  : poster_elden_ring.webp: Copied (new)
2026/10/05 23:17:40 INFO  : poster_fallout.webp: Copied (new)
2026/10/05 23:17:40 INFO  : poster_evangelion_banner_dna.webp: Copied (new)
2026/10/05 23:17:40 INFO  : poster_fantastic_beasts_1790930111300.webp: Copied (new)
2026/10/05 23:17:40 INFO  : poster_fargo_1790916058620.webp: Copied (new)
2026/10/05 23:17:40 INFO  : poster_field_of_dreams.webp: Copied (new)
2026/10/05 23:17:40 INFO  : poster_double_indemnity.webp: Copied (new)
2026/10/05 23:17:41 INFO  : poster_final_fantasy_vii.webp: Copied (new)
2026/10/05 23:17:41 INFO  : poster_final_fantasy_xiv.webp: Copied (new)
2026/10/05 23:17:41 INFO  : poster_final_fantasy_vii_v2.webp: Copied (new)
2026/10/05 23:17:41 INFO  : poster_finding_nemo.webp: Copied (new)
2026/10/05 23:17:41 INFO  : poster_fix_hai_phuong_1790945867634.webp: Copied (new)
2026/10/05 23:17:41 INFO  : poster_fix_gundam_1790945871491.webp: Copied (new)
2026/10/05 23:17:41 INFO  : poster_fix_how_to_train_your_dragon_1790946149457.webp: Copied (new)
2026/10/05 23:17:41 INFO  : poster_fix_money_heist_1790945625605.webp: Copied (new)
2026/10/05 23:17:41 INFO  : poster_fix_psychopass_1790945634121.webp: Copied (new)
2026/10/05 23:17:42 INFO  : poster_fix_stranger_things_1790945994094.webp: Copied (new)
2026/10/05 23:17:42 INFO  : poster_fix_rezero_1790945413095.webp: Copied (new)
2026/10/05 23:17:42 INFO  : poster_fix_trang_quynh.webp: Copied (new)
2026/10/05 23:17:42 INFO  : poster_forrest_gump.webp: Copied (new)
2026/10/05 23:17:42 INFO  : poster_full_metal_jacket_1790916865691.webp: Copied (new)
2026/10/05 23:17:42 INFO  : poster_fullmetal_giai_phau.webp: Copied (new)
2026/10/05 23:17:42 INFO  : poster_ghost_of_tsushima.webp: Copied (new)
2026/10/05 23:17:42 INFO  : poster_ghost_recon.webp: Copied (new)
2026/10/05 23:17:43 INFO  : poster_god_of_war.webp: Copied (new)
2026/10/05 23:17:43 INFO  : poster_gears_of_war_1790931656144.webp: Copied (new)
2026/10/05 23:17:43 INFO  : poster_gone_girl.webp: Copied (new)
2026/10/05 23:17:43 INFO  : poster_gone_in_60_seconds_1790931657842.webp: Copied (new)
2026/10/05 23:17:43 INFO  : poster_gurren_lagann.webp: Copied (new)
2026/10/05 23:17:43 INFO  : poster_grave_of_the_fireflies_1790915108451.webp: Copied (new)
2026/10/05 23:17:43 INFO  : poster_grand_budapest_favicon.webp: Copied (new)
2026/10/05 23:17:43 INFO  : poster_half_life.webp: Copied (new)
2026/10/05 23:17:44 INFO  : poster_halo.webp: Copied (new)
2026/10/05 23:17:44 INFO  : poster_high_noon.webp: Copied (new)
2026/10/05 23:17:44 INFO  : poster_heat.webp: Copied (new)
2026/10/05 23:17:44 INFO  : poster_hollow_knight.webp: Copied (new)
2026/10/05 23:17:44 INFO  : poster_honkai_star_rail_1790929769491.webp: Copied (new)
2026/10/05 23:17:44 INFO  : poster_horizon_zero_dawn.webp: Copied (new)
2026/10/05 23:17:44 INFO  : poster_how_to_train_your_dragon_1790916228467.webp: Copied (new)
2026/10/05 23:17:44 INFO  : poster_howls_castle_logo_vuong.webp: Copied (new)
2026/10/05 23:17:44 INFO  : poster_hunter_x_hunter_1790917318684.webp: Copied (new)
2026/10/05 23:17:45 INFO  : poster_indiana_jones_1790914935805.webp: Copied (new)
2026/10/05 23:17:45 INFO  : poster_inside_out.webp: Copied (new)
2026/10/05 23:17:45 INFO  : poster_jojos_bizarre_adventure_1790915623058.webp: Copied (new)
2026/10/05 23:17:45 INFO  : poster_jujutsu_kaisen.webp: Copied (new)
2026/10/05 23:17:45 INFO  : poster_inglourious_basterds_v2_1790914907733.webp: Copied (new)
2026/10/05 23:17:45 INFO  : poster_jurassic_park.webp: Copied (new)
2026/10/05 23:17:45 INFO  : poster_kingdom_hearts.webp: Copied (new)
2026/10/05 23:17:45 INFO  : poster_l_a_confidential_1790917099807.webp: Copied (new)
2026/10/05 23:17:46 INFO  : poster_lawrence_of_arabia_1790917227875.webp: Copied (new)
2026/10/05 23:17:46 INFO  : poster_league_of_legends.webp: Copied (new)
2026/10/05 23:17:46 INFO  : poster_left4dead.webp: Copied (new)
2026/10/05 23:17:46 INFO  : poster_les_miserables.webp: Copied (new)
2026/10/05 23:17:46 INFO  : poster_lord_of_the_rings.webp: Copied (new)
2026/10/05 23:17:46 INFO  : poster_mary_poppins.webp: Copied (new)
2026/10/05 23:17:46 INFO  : poster_life_is_beautiful.webp: Copied (new)
2026/10/05 23:17:46 INFO  : poster_m_1931_1790916452711.webp: Copied (new)
2026/10/05 23:17:47 INFO  : poster_mass_effect.webp: Copied (new)
2026/10/05 23:17:47 INFO  : poster_metal_gear_solid.webp: Copied (new)
2026/10/05 23:17:47 INFO  : poster_metropolis.webp: Copied (new)
2026/10/05 23:17:47 INFO  : poster_medal_of_honor_1790923281854.webp: Copied (new)
2026/10/05 23:17:47 INFO  : poster_million_dollar_baby.webp: Copied (new)
2026/10/05 23:17:47 INFO  : poster_moulin_rouge.webp: Copied (new)
2026/10/05 23:17:47 INFO  : poster_mortal_kombat_1790916322756.webp: Copied (new)
2026/10/05 23:17:47 INFO  : poster_my_neighbor_totoro.webp: Copied (new)
2026/10/05 23:17:48 INFO  : poster_naruto_1790916685800.webp: Copied (new)
2026/10/05 23:17:48 INFO  : poster_need_for_speed.webp: Copied (new)
2026/10/05 23:17:48 INFO  : poster_nier_automata_1790917224295.webp: Copied (new)
2026/10/05 23:17:48 INFO  : poster_no_country_for_old_men.webp: Copied (new)
2026/10/05 23:17:48 INFO  : poster_no_country_for_old_men_v2.webp: Copied (new)
2026/10/05 23:17:48 INFO  : poster_north_by_northwest_1790915112744.webp: Copied (new)
2026/10/05 23:17:48 INFO  : poster_once_upon_a_time_in_america_1790917081254.webp: Copied (new)
2026/10/05 23:17:48 INFO  : poster_one_piece_1790916956200.webp: Copied (new)
2026/10/05 23:17:48 INFO  : poster_overwatch.webp: Copied (new)
2026/10/05 23:17:49 INFO  : poster_parasite_storytelling.webp: Copied (new)
2026/10/05 23:17:49 INFO  : poster_persona_3.webp: Copied (new)
2026/10/05 23:17:49 INFO  : poster_persona_5_1790916984367.webp: Copied (new)
2026/10/05 23:17:49 INFO  : poster_pirates.webp: Copied (new)
2026/10/05 23:17:49 INFO  : poster_pokemon.webp: Copied (new)
2026/10/05 23:17:49 INFO  : poster_princess_mononoke_1790917229009.webp: Copied (new)
2026/10/05 23:17:49 INFO  : poster_pulp_fiction.webp: Copied (new)
2026/10/05 23:17:49 INFO  : poster_prisoners.webp: Copied (new)
2026/10/05 23:17:49 INFO  : poster_raging_bull_1790916565286.webp: Copied (new)
2026/10/05 23:17:50 INFO  : poster_ray.webp: Copied (new)
2026/10/05 23:17:50 INFO  : poster_red_dead_redemption.webp: Copied (new)
2026/10/05 23:17:50 INFO  : poster_red_dead_redemption_v2.webp: Copied (new)
2026/10/05 23:17:50 INFO  : poster_remember_titans.webp: Copied (new)
2026/10/05 23:17:50 INFO  : poster_scarface_1790917428106.webp: Copied (new)
2026/10/05 23:17:50 INFO  : poster_requiem_for_a_dream_1790916570674.webp: Copied (new)
2026/10/05 23:17:50 INFO  : poster_scarface_1790932022457.webp: Copied (new)
2026/10/05 23:17:50 INFO  : poster_sekiro.webp: Copied (new)
2026/10/05 23:17:50 INFO  : poster_singin_in_the_rain.webp: Copied (new)
2026/10/05 23:17:50 INFO  : poster_skyrim_1790915855678.webp: Copied (new)
2026/10/05 23:17:51 INFO  : poster_smt.webp: Copied (new)
2026/10/05 23:17:51 INFO  : poster_sound_of_music.webp: Copied (new)
2026/10/05 23:17:51 INFO  : poster_snatch_1790916431825.webp: Copied (new)
2026/10/05 23:17:51 INFO  : poster_space_jam_1790922944319.webp: Copied (new)
2026/10/05 23:17:51 INFO  : poster_spirited_away_chien_luoc.webp: Copied (new)
2026/10/05 23:17:51 INFO  : poster_star_wars.webp: Copied (new)
2026/10/05 23:17:51 INFO  : poster_steins_gate.webp: Copied (new)
2026/10/05 23:17:51 INFO  : poster_straight_outta_compton.webp: Copied (new)
2026/10/05 23:17:52 INFO  : poster_super_mario_1790917403117.webp: Copied (new)
2026/10/05 23:17:52 INFO  : poster_street_fighter_1790915834130.webp: Copied (new)
2026/10/05 23:17:52 INFO  : poster_superman.webp: Copied (new)
2026/10/05 23:17:52 INFO  : poster_super_smash_bros.webp: Copied (new)
2026/10/05 23:17:52 INFO  : poster_tekken_1790917321795.webp: Copied (new)
2026/10/05 23:17:52 INFO  : poster_temp_1790923207864.webp: Copied (new)
2026/10/05 23:17:52 INFO  : poster_terminator_1790916981822.webp: Copied (new)
2026/10/05 23:17:52 INFO  : poster_temp_1790923188560.webp: Copied (new)
2026/10/05 23:17:53 INFO  : poster_the_apartment.webp: Copied (new)
2026/10/05 23:17:53 INFO  : poster_the_dark_knight_rises.webp: Copied (new)
2026/10/05 23:17:53 INFO  : poster_the_division.webp: Copied (new)
2026/10/05 23:17:53 INFO  : poster_the_elephant_man.webp: Copied (new)
2026/10/05 23:17:53 INFO  : poster_the_blind_side_1790931667777.webp: Copied (new)
2026/10/05 23:17:54 INFO  : poster_the_elephant_man_v2.webp: Copied (new)
2026/10/05 23:17:54 INFO  : poster_the_flash_1790931664532.webp: Copied (new)
2026/10/05 23:17:54 INFO  : poster_the_gold_rush.webp: Copied (new)
2026/10/05 23:17:54 INFO  : poster_the_good_the_bad_1790930075579.webp: Copied (new)
2026/10/05 23:17:54 INFO  : poster_the_great_dictator.webp: Copied (new)
2026/10/05 23:17:54 INFO  : poster_the_great_escape.webp: Copied (new)
2026/10/05 23:17:54 INFO  : poster_the_green_mile_1790916662344.webp: Copied (new)
2026/10/05 23:17:54 INFO  : poster_the_kid_1790915137360.webp: Copied (new)
2026/10/05 23:17:55 INFO  : poster_the_last_of_us.webp: Copied (new)
2026/10/05 23:17:55 INFO  : poster_the_maze_runner.webp: Copied (new)
2026/10/05 23:17:55 INFO  : poster_the_secret_in_their_eyes_1790916779946.webp: Copied (new)
2026/10/05 23:17:55 INFO  : poster_the_lion_king_1790917128445.webp: Copied (new)
2026/10/05 23:17:55 INFO  : poster_the_seventh_seal_1790916867504.webp: Copied (new)
2026/10/05 23:17:55 INFO  : poster_the_witcher_1790916055968.webp: Copied (new)
2026/10/05 23:17:55 INFO  : poster_the_shining_1790917428869.webp: Copied (new)
2026/10/05 23:17:55 INFO  : poster_the_sixth_sense_1790916864235.webp: Copied (new)
2026/10/05 23:17:55 INFO  : poster_the_sting.webp: Copied (new)
2026/10/05 23:17:56 INFO  : poster_tho-0092.webp: Copied (new)
2026/10/05 23:17:56 INFO  : poster_tho-0093.webp: Copied (new)
2026/10/05 23:17:56 INFO  : poster_tho-0094.webp: Copied (new)
2026/10/05 23:17:56 INFO  : poster_tho-0091.webp: Copied (new)
2026/10/05 23:17:56 INFO  : poster_tho-0095.webp: Copied (new)
2026/10/05 23:17:56 INFO  : poster_tho-0096.webp: Copied (new)
2026/10/05 23:17:56 INFO  : poster_tho-0098.webp: Copied (new)
2026/10/05 23:17:56 INFO  : poster_tho-0097.webp: Copied (new)
2026/10/05 23:17:56 INFO  : poster_tho-0099.webp: Copied (new)
2026/10/05 23:17:57 INFO  : poster_tho-0100.webp: Copied (new)
2026/10/05 23:17:57 INFO  : poster_tho-0101.webp: Copied (new)
2026/10/05 23:17:57 INFO  : poster_tho-0103.webp: Copied (new)
2026/10/05 23:17:57 INFO  : poster_tho-0104.webp: Copied (new)
2026/10/05 23:17:57 INFO  : poster_tho-0102.webp: Copied (new)
2026/10/05 23:17:57 INFO  : poster_tho-0105.webp: Copied (new)
2026/10/05 23:17:57 INFO  : poster_tho-0106.webp: Copied (new)
2026/10/05 23:17:57 INFO  : poster_tho-0107.webp: Copied (new)
2026/10/05 23:17:58 INFO  : poster_tho-0108.webp: Copied (new)
2026/10/05 23:17:58 INFO  : poster_tho-0111.webp: Copied (new)
2026/10/05 23:17:58 INFO  : poster_tho-0109.webp: Copied (new)
2026/10/05 23:17:58 INFO  : poster_tho-0110.webp: Copied (new)
2026/10/05 23:17:58 INFO  : poster_tho-0114.webp: Copied (new)
2026/10/05 23:17:58 INFO  : poster_tho-0113.webp: Copied (new)
2026/10/05 23:17:58 INFO  : poster_tho-0115.webp: Copied (new)
2026/10/05 23:17:59 INFO  : poster_tho-0116.webp: Copied (new)
2026/10/05 23:17:59 INFO  : poster_tho-0112.webp: Copied (new)
2026/10/05 23:17:59 INFO  : poster_tho-0117.webp: Copied (new)
2026/10/05 23:17:59 INFO  : poster_tho-0119.webp: Copied (new)
2026/10/05 23:17:59 INFO  : poster_tho-0120.webp: Copied (new)
2026/10/05 23:17:59 INFO  : poster_tho-0118.webp: Copied (new)
2026/10/05 23:17:59 INFO  : poster_tho-0121.webp: Copied (new)
2026/10/05 23:17:59 INFO  : poster_tho-0122.webp: Copied (new)
2026/10/05 23:17:59 INFO  : poster_tho-0124.webp: Copied (new)
2026/10/05 23:17:59 INFO  : poster_tho-0123.webp: Copied (new)
2026/10/05 23:18:00 INFO  : poster_tho-0125.webp: Copied (new)
2026/10/05 23:18:00 INFO  : poster_tho-0127.webp: Copied (new)
2026/10/05 23:18:00 INFO  : poster_tho-0126.webp: Copied (new)
2026/10/05 23:18:00 INFO  : poster_tho-0129.webp: Copied (new)
2026/10/05 23:18:00 INFO  : poster_tho-0128.webp: Copied (new)
2026/10/05 23:18:00 INFO  : poster_tho-0132.webp: Copied (new)
2026/10/05 23:18:00 INFO  : poster_tho-0131.webp: Copied (new)
2026/10/05 23:18:00 INFO  : poster_tho-0133.webp: Copied (new)
2026/10/05 23:18:01 INFO  : poster_tho-0130.webp: Copied (new)
2026/10/05 23:18:01 INFO  : poster_tho-0134.webp: Copied (new)
2026/10/05 23:18:01 INFO  : poster_tho-0136.webp: Copied (new)
2026/10/05 23:18:01 INFO  : poster_tho-0135.webp: Copied (new)
2026/10/05 23:18:01 INFO  : poster_tho-0137.webp: Copied (new)
2026/10/05 23:18:01 INFO  : poster_tho-0138.webp: Copied (new)
2026/10/05 23:18:02 INFO  : poster_tho-0139.webp: Copied (new)
2026/10/05 23:18:02 INFO  : poster_tho-0141.webp: Copied (new)
2026/10/05 23:18:02 INFO  : poster_tho-0140.webp: Copied (new)
2026/10/05 23:18:02 INFO  : poster_tho-0142.webp: Copied (new)
2026/10/05 23:18:02 INFO  : poster_tho-0144.webp: Copied (new)
2026/10/05 23:18:02 INFO  : poster_tho-0143.webp: Copied (new)
2026/10/05 23:18:02 INFO  : poster_tho-0145.webp: Copied (new)
2026/10/05 23:18:02 INFO  : poster_tho-0146.webp: Copied (new)
2026/10/05 23:18:02 INFO  : poster_tho-0147.webp: Copied (new)
2026/10/05 23:18:02 INFO  : poster_tho-0148.webp: Copied (new)
2026/10/05 23:18:03 INFO  : poster_tho-0150.webp: Copied (new)
2026/10/05 23:18:03 INFO  : poster_tho-0149.webp: Copied (new)
2026/10/05 23:18:03 INFO  : poster_tho-0152.webp: Copied (new)
2026/10/05 23:18:03 INFO  : poster_tho-0151.webp: Copied (new)
2026/10/05 23:18:03 INFO  : poster_tho-0154.webp: Copied (new)
2026/10/05 23:18:03 INFO  : poster_tho-0153.webp: Copied (new)
2026/10/05 23:18:03 INFO  : poster_tho-0155.webp: Copied (new)
2026/10/05 23:18:04 INFO  : poster_tho-0157.webp: Copied (new)
2026/10/05 23:18:04 INFO  : poster_tho-0158.webp: Copied (new)
2026/10/05 23:18:04 INFO  : poster_tho-0156.webp: Copied (new)
2026/10/05 23:18:04 INFO  : poster_tho-0159.webp: Copied (new)
2026/10/05 23:18:04 INFO  : poster_tho-0160.webp: Copied (new)
2026/10/05 23:18:04 INFO  : poster_tho-0161.webp: Copied (new)
2026/10/05 23:18:04 INFO  : poster_tho-0163.webp: Copied (new)
2026/10/05 23:18:04 INFO  : poster_tho-0162.webp: Copied (new)
2026/10/05 23:18:04 INFO  : poster_tho-0165.webp: Copied (new)
2026/10/05 23:18:05 INFO  : poster_tho-0164.webp: Copied (new)
2026/10/05 23:18:05 INFO  : poster_tho-0166.webp: Copied (new)
2026/10/05 23:18:05 INFO  : poster_tho-0167.webp: Copied (new)
2026/10/05 23:18:05 INFO  : poster_tho-0169.webp: Copied (new)
2026/10/05 23:18:05 INFO  : poster_tho-0168.webp: Copied (new)
2026/10/05 23:18:05 INFO  : poster_tho-0171.webp: Copied (new)
2026/10/05 23:18:05 INFO  : poster_tho-0170.webp: Copied (new)
2026/10/05 23:18:05 INFO  : poster_tho-0172.webp: Copied (new)
2026/10/05 23:18:05 INFO  : poster_tho-0173.webp: Copied (new)
2026/10/05 23:18:06 INFO  : poster_tho-0174.webp: Copied (new)
2026/10/05 23:18:06 INFO  : poster_tho-0175.webp: Copied (new)
2026/10/05 23:18:06 INFO  : poster_tho-0177.webp: Copied (new)
2026/10/05 23:18:06 INFO  : poster_tho-0176.webp: Copied (new)
2026/10/05 23:18:06 INFO  : poster_tho-0178.webp: Copied (new)
2026/10/05 23:18:06 INFO  : poster_tho-0179.webp: Copied (new)
2026/10/05 23:18:06 INFO  : poster_tho-0180.webp: Copied (new)
2026/10/05 23:18:06 INFO  : poster_tho-0181.webp: Copied (new)
2026/10/05 23:18:07 INFO  : poster_tho-0184.webp: Copied (new)
2026/10/05 23:18:07 INFO  : poster_tho-0183.webp: Copied (new)
2026/10/05 23:18:07 INFO  : poster_tho-0182.webp: Copied (new)
2026/10/05 23:18:07 INFO  : poster_tho-0185.webp: Copied (new)
2026/10/05 23:18:07 INFO  : poster_tho-0186.webp: Copied (new)
2026/10/05 23:18:07 INFO  : poster_tho-0187.webp: Copied (new)
2026/10/05 23:18:07 INFO  : poster_tho-0188.webp: Copied (new)
2026/10/05 23:18:07 INFO  : poster_tho-0189.webp: Copied (new)
2026/10/05 23:18:07 INFO  : poster_tho-0190.webp: Copied (new)
2026/10/05 23:18:08 INFO  : poster_tho-0191.webp: Copied (new)
2026/10/05 23:18:08 INFO  : poster_tho-0192.webp: Copied (new)
2026/10/05 23:18:08 INFO  : poster_tho-0193.webp: Copied (new)
2026/10/05 23:18:08 INFO  : poster_tho-0194.webp: Copied (new)
2026/10/05 23:18:08 INFO  : poster_tho-0195.webp: Copied (new)
2026/10/05 23:18:08 INFO  : poster_tho-0197.webp: Copied (new)
2026/10/05 23:18:08 INFO  : poster_tho-0196.webp: Copied (new)
2026/10/05 23:18:08 INFO  : poster_tho-0198.webp: Copied (new)
2026/10/05 23:18:08 INFO  : poster_tho-0200.webp: Copied (new)
2026/10/05 23:18:08 INFO  : poster_tho-0199.webp: Copied (new)
2026/10/05 23:18:09 INFO  : poster_tho-0201.webp: Copied (new)
2026/10/05 23:18:09 INFO  : poster_tho-0202.webp: Copied (new)
2026/10/05 23:18:09 INFO  : poster_tho-0203.webp: Copied (new)
2026/10/05 23:18:09 INFO  : poster_tho-0204.webp: Copied (new)
2026/10/05 23:18:09 INFO  : poster_tho-0206.webp: Copied (new)
2026/10/05 23:18:09 INFO  : poster_tho-0205.webp: Copied (new)
2026/10/05 23:18:09 INFO  : poster_tho-0217.webp: Copied (new)
2026/10/05 23:18:09 INFO  : poster_tho-0218.webp: Copied (new)
2026/10/05 23:18:09 INFO  : 
Transferred:   	  103.050 MiB / 144.261 MiB, 71%, 1.001 MiB/s, ETA 41s
Checks:                48 / 48, 100%, Listed 1655
Transferred:          948 / 1314, 72%
Elapsed time:      1m59.9s
Transferring:
 *                          poster_tho-0219.webp:100% / 142.531 KiB, 0 B/s, -
 *                          poster_tho-0220.webp:100% / 73.432 KiB, 0 B/s, -
 *                          poster_tho-0221.webp:100% / 91.857 KiB, 0 B/s, -
 *                          poster_tho-0222.webp:100% / 141.932 KiB, 0 B/s, -

2026/10/05 23:18:10 INFO  : poster_tho-0219.webp: Copied (new)
2026/10/05 23:18:10 INFO  : poster_tho-0221.webp: Copied (new)
2026/10/05 23:18:10 INFO  : poster_tho-0220.webp: Copied (new)
2026/10/05 23:18:10 INFO  : poster_tho-0222.webp: Copied (new)
2026/10/05 23:18:10 INFO  : poster_tho-0223.webp: Copied (new)
2026/10/05 23:18:10 INFO  : poster_tho-0225.webp: Copied (new)
2026/10/05 23:18:10 INFO  : poster_tho-0226.webp: Copied (new)
2026/10/05 23:18:10 INFO  : poster_tho-0227.webp: Copied (new)
2026/10/05 23:18:10 INFO  : poster_tho-0224.webp: Copied (new)
2026/10/05 23:18:10 INFO  : poster_tho-0228.webp: Copied (new)
2026/10/05 23:18:11 INFO  : poster_tho-0229.webp: Copied (new)
2026/10/05 23:18:11 INFO  : poster_tho-0230.webp: Copied (new)
2026/10/05 23:18:11 INFO  : poster_tho-0231.webp: Copied (new)
2026/10/05 23:18:11 INFO  : poster_tho-0232.webp: Copied (new)
2026/10/05 23:18:11 INFO  : poster_tho-0233.webp: Copied (new)
2026/10/05 23:18:11 INFO  : poster_tho-0234.webp: Copied (new)
2026/10/05 23:18:11 INFO  : poster_tho-0235.webp: Copied (new)
2026/10/05 23:18:11 INFO  : poster_tho-0236.webp: Copied (new)
2026/10/05 23:18:11 INFO  : poster_tho-0238.webp: Copied (new)
2026/10/05 23:18:12 INFO  : poster_tho-0240.webp: Copied (new)
2026/10/05 23:18:12 INFO  : poster_tho-0239.webp: Copied (new)
2026/10/05 23:18:12 INFO  : poster_tho-0237.webp: Copied (new)
2026/10/05 23:18:12 INFO  : poster_tho-0241.webp: Copied (new)
2026/10/05 23:18:12 INFO  : poster_tho-0243.webp: Copied (new)
2026/10/05 23:18:12 INFO  : poster_tho-0244.webp: Copied (new)
2026/10/05 23:18:12 INFO  : poster_tho-0242.webp: Copied (new)
2026/10/05 23:18:12 INFO  : poster_tho-0245.webp: Copied (new)
2026/10/05 23:18:13 INFO  : poster_tho-0246.webp: Copied (new)
2026/10/05 23:18:13 INFO  : poster_tho-0247.webp: Copied (new)
2026/10/05 23:18:13 INFO  : poster_tho-0249.webp: Copied (new)
2026/10/05 23:18:13 INFO  : poster_tho-0248.webp: Copied (new)
2026/10/05 23:18:13 INFO  : poster_tho-0250.webp: Copied (new)
2026/10/05 23:18:13 INFO  : poster_tho-0251.webp: Copied (new)
2026/10/05 23:18:13 INFO  : poster_tho-0252.webp: Copied (new)
2026/10/05 23:18:13 INFO  : poster_tho-0255.webp: Copied (new)
2026/10/05 23:18:13 INFO  : poster_tho-0256.webp: Copied (new)
2026/10/05 23:18:14 INFO  : poster_tho-0254.webp: Copied (new)
2026/10/05 23:18:14 INFO  : poster_tho-0253.webp: Copied (new)
2026/10/05 23:18:14 INFO  : poster_tho-0258.webp: Copied (new)
2026/10/05 23:18:14 INFO  : poster_tho-0257.webp: Copied (new)
2026/10/05 23:18:14 INFO  : poster_tho-0259.webp: Copied (new)
2026/10/05 23:18:14 INFO  : poster_tho-0260.webp: Copied (new)
2026/10/05 23:18:14 INFO  : poster_tho-0262.webp: Copied (new)
2026/10/05 23:18:14 INFO  : poster_tho-0263.webp: Copied (new)
2026/10/05 23:18:14 INFO  : poster_tho-0261.webp: Copied (new)
2026/10/05 23:18:15 INFO  : poster_tho-0264.webp: Copied (new)
2026/10/05 23:18:15 INFO  : poster_tho-0265.webp: Copied (new)
2026/10/05 23:18:15 INFO  : poster_tho-0267.webp: Copied (new)
2026/10/05 23:18:15 INFO  : poster_tho-0266.webp: Copied (new)
2026/10/05 23:18:15 INFO  : poster_tho-0268.webp: Copied (new)
2026/10/05 23:18:15 INFO  : poster_tho-0269.webp: Copied (new)
2026/10/05 23:18:15 INFO  : poster_tho-0270.webp: Copied (new)
2026/10/05 23:18:15 INFO  : poster_tho-0271.webp: Copied (new)
2026/10/05 23:18:15 INFO  : poster_tho-0273.webp: Copied (new)
2026/10/05 23:18:15 INFO  : poster_tho-0272.webp: Copied (new)
2026/10/05 23:18:16 INFO  : poster_tho-0276.webp: Copied (new)
2026/10/05 23:18:16 INFO  : poster_tho-0274.webp: Copied (new)
2026/10/05 23:18:16 INFO  : poster_tho-0275.webp: Copied (new)
2026/10/05 23:18:16 INFO  : poster_tho-0277.webp: Copied (new)
2026/10/05 23:18:16 INFO  : poster_tho-0281.webp: Copied (new)
2026/10/05 23:18:16 INFO  : poster_tho-0279.webp: Copied (new)
2026/10/05 23:18:16 INFO  : poster_tho-0278.webp: Copied (new)
2026/10/05 23:18:17 INFO  : poster_tho-0282.webp: Copied (new)
2026/10/05 23:18:17 INFO  : poster_tho-0283.webp: Copied (new)
2026/10/05 23:18:17 INFO  : poster_tho-0284.webp: Copied (new)
2026/10/05 23:18:17 INFO  : poster_tho-0280.webp: Copied (new)
2026/10/05 23:18:17 INFO  : poster_tho-0285.webp: Copied (new)
2026/10/05 23:18:17 INFO  : poster_tho-0287.webp: Copied (new)
2026/10/05 23:18:17 INFO  : poster_tho-0288.webp: Copied (new)
2026/10/05 23:18:18 INFO  : poster_tho-0286.webp: Copied (new)
2026/10/05 23:18:18 INFO  : poster_tho-0289.webp: Copied (new)
2026/10/05 23:18:18 INFO  : poster_tho-0290.webp: Copied (new)
2026/10/05 23:18:18 INFO  : poster_tho-0291.webp: Copied (new)
2026/10/05 23:18:18 INFO  : poster_tho-0293.webp: Copied (new)
2026/10/05 23:18:18 INFO  : poster_tho-0292.webp: Copied (new)
2026/10/05 23:18:18 INFO  : poster_tho-0295.webp: Copied (new)
2026/10/05 23:18:18 INFO  : poster_tho-0294.webp: Copied (new)
2026/10/05 23:18:18 INFO  : poster_tho-0297.webp: Copied (new)
2026/10/05 23:18:18 INFO  : poster_tho-0296.webp: Copied (new)
2026/10/05 23:18:19 INFO  : poster_tho-0298.webp: Copied (new)
2026/10/05 23:18:19 INFO  : poster_tho-0299.webp: Copied (new)
2026/10/05 23:18:19 INFO  : poster_tho-0301.webp: Copied (new)
2026/10/05 23:18:19 INFO  : poster_tho-0300.webp: Copied (new)
2026/10/05 23:18:19 INFO  : poster_tho-0302.webp: Copied (new)
2026/10/05 23:18:19 INFO  : poster_tho-0303.webp: Copied (new)
2026/10/05 23:18:19 INFO  : poster_tho-0304.webp: Copied (new)
2026/10/05 23:18:19 INFO  : poster_tho-0306.webp: Copied (new)
2026/10/05 23:18:19 INFO  : poster_tho-0305.webp: Copied (new)
2026/10/05 23:18:20 INFO  : poster_tho-0309.webp: Copied (new)
2026/10/05 23:18:20 INFO  : poster_tho-0308.webp: Copied (new)
2026/10/05 23:18:20 INFO  : poster_tho-0307.webp: Copied (new)
2026/10/05 23:18:20 INFO  : poster_tho-0310.webp: Copied (new)
2026/10/05 23:18:20 INFO  : poster_tho-0312.webp: Copied (new)
2026/10/05 23:18:20 INFO  : poster_tho-0311.webp: Copied (new)
2026/10/05 23:18:20 INFO  : poster_tho-0313.webp: Copied (new)
2026/10/05 23:18:20 INFO  : poster_tho-0314.webp: Copied (new)
2026/10/05 23:18:21 INFO  : poster_tho-0315.webp: Copied (new)
2026/10/05 23:18:21 INFO  : poster_tho-0316.webp: Copied (new)
2026/10/05 23:18:21 INFO  : poster_tho-0317.webp: Copied (new)
2026/10/05 23:18:21 INFO  : poster_tho-0319.webp: Copied (new)
2026/10/05 23:18:21 INFO  : poster_tho-0320.webp: Copied (new)
2026/10/05 23:18:21 INFO  : poster_tho-0318.webp: Copied (new)
2026/10/05 23:18:21 INFO  : poster_tho-0321.webp: Copied (new)
2026/10/05 23:18:21 INFO  : poster_tho-0322.webp: Copied (new)
2026/10/05 23:18:21 INFO  : poster_tho-0323.webp: Copied (new)
2026/10/05 23:18:22 INFO  : poster_tho-0326.webp: Copied (new)
2026/10/05 23:18:22 INFO  : poster_tho-0324.webp: Copied (new)
2026/10/05 23:18:22 INFO  : poster_tho-0325.webp: Copied (new)
2026/10/05 23:18:22 INFO  : poster_tho-0328.webp: Copied (new)
2026/10/05 23:18:22 INFO  : poster_tho-0327.webp: Copied (new)
2026/10/05 23:18:22 INFO  : poster_tho-0329.webp: Copied (new)
2026/10/05 23:18:22 INFO  : poster_tho-0330.webp: Copied (new)
2026/10/05 23:18:23 INFO  : poster_tho-0331.webp: Copied (new)
2026/10/05 23:18:23 INFO  : poster_tho-0332.webp: Copied (new)
2026/10/05 23:18:23 INFO  : poster_tho-0333.webp: Copied (new)
2026/10/05 23:18:23 INFO  : poster_tho-0335.webp: Copied (new)
2026/10/05 23:18:23 INFO  : poster_tho-0334.webp: Copied (new)
2026/10/05 23:18:23 INFO  : poster_tho-0336.webp: Copied (new)
2026/10/05 23:18:23 INFO  : poster_thor_1790931652564.webp: Copied (new)
2026/10/05 23:18:24 INFO  : poster_tombstone.webp: Copied (new)
2026/10/05 23:18:24 INFO  : poster_train_to_busan_hoang_loan.webp: Copied (new)
2026/10/05 23:18:24 INFO  : poster_toy_story_1790916212850.webp: Copied (new)
2026/10/05 23:18:24 INFO  : poster_unforgiven_v2.webp: Copied (new)
2026/10/05 23:18:24 INFO  : poster_unreal_tournament.webp: Copied (new)
2026/10/05 23:18:24 INFO  : poster_up_1790916223404.webp: Copied (new)
2026/10/05 23:18:24 INFO  : poster_unforgiven.webp: Copied (new)
2026/10/05 23:18:24 INFO  : poster_valorant.webp: Copied (new)
2026/10/05 23:18:24 INFO  : poster_v_for_vendetta_v2.webp: Copied (new)
2026/10/05 23:18:25 INFO  : poster_vertigo_1790916319128.webp: Copied (new)
2026/10/05 23:18:25 INFO  : poster_w1_10.webp: Copied (new)
2026/10/05 23:18:25 INFO  : poster_w1_11.webp: Copied (new)
2026/10/05 23:18:25 INFO  : poster_w1_12.webp: Copied (new)
2026/10/05 23:18:25 INFO  : poster_v_for_vendetta.webp: Copied (new)
2026/10/05 23:18:25 INFO  : poster_w1_14.webp: Copied (new)
2026/10/05 23:18:25 INFO  : poster_w1_15.webp: Copied (new)
2026/10/05 23:18:25 INFO  : poster_w1_16.webp: Copied (new)
2026/10/05 23:18:25 INFO  : poster_w1_13_1790955196518.webp: Copied (new)
2026/10/05 23:18:26 INFO  : poster_w1_18.webp: Copied (new)
2026/10/05 23:18:26 INFO  : poster_w1_19_1790955436931.webp: Copied (new)
2026/10/05 23:18:26 INFO  : poster_w1_1_1790944296426.webp: Copied (new)
2026/10/05 23:18:26 INFO  : poster_w1_17.webp: Copied (new)
2026/10/05 23:18:26 INFO  : poster_w1_20.webp: Copied (new)
2026/10/05 23:18:26 INFO  : poster_w1_21.webp: Copied (new)
2026/10/05 23:18:26 INFO  : poster_w1_23_1790955435034.webp: Copied (new)
2026/10/05 23:18:26 INFO  : poster_w1_24_1790955537430.webp: Copied (new)
2026/10/05 23:18:26 INFO  : poster_w1_25.webp: Copied (new)
2026/10/05 23:18:26 INFO  : poster_w1_22.webp: Copied (new)
2026/10/05 23:18:27 INFO  : poster_w1_26_1790955529533.webp: Copied (new)
2026/10/05 23:18:27 INFO  : poster_w1_2_1790944420021.webp: Copied (new)
2026/10/05 23:18:27 INFO  : poster_w1_27_1790955530175.webp: Copied (new)
2026/10/05 23:18:27 INFO  : poster_w1_3.webp: Copied (new)
2026/10/05 23:18:27 INFO  : poster_w1_4_1790944852072.webp: Copied (new)
2026/10/05 23:18:27 INFO  : poster_w1_5_1790944712429.webp: Copied (new)
2026/10/05 23:18:27 INFO  : poster_w1_6_1790944710251.webp: Copied (new)
2026/10/05 23:18:27 INFO  : poster_w1_7_1790944735820.webp: Copied (new)
2026/10/05 23:18:27 INFO  : poster_w1_8.webp: Copied (new)
2026/10/05 23:18:28 INFO  : poster_w1_9.webp: Copied (new)
2026/10/05 23:18:28 INFO  : poster_wall_e.webp: Copied (new)
2026/10/05 23:18:28 INFO  : poster_western.webp: Copied (new)
2026/10/05 23:18:28 INFO  : poster_white_men_cant_jump.webp: Copied (new)
2026/10/05 23:18:28 INFO  : poster_watch_dogs_1790923164853.webp: Copied (new)
2026/10/05 23:18:28 INFO  : poster_wizard_of_oz.webp: Copied (new)
2026/10/05 23:18:28 INFO  : poster_wolverine.webp: Copied (new)
2026/10/05 23:18:29 INFO  : poster_yojimbo_1790917317441.webp: Copied (new)
2026/10/05 23:18:29 INFO  : poster_xenoblade.webp: Copied (new)
2026/10/05 23:18:29 INFO  : poster_your_name_demo_ai.webp: Copied (new)
2026/10/05 23:18:29 INFO  : poster_zelda_botw.webp: Copied (new)
2026/10/05 23:18:29 INFO  : poster_wonder_woman.webp: Copied (new)
2026/10/05 23:18:29 INFO  : prashant-desai-protein-metabolic-health-muscle-podcast.webp: Copied (new)
2026/10/05 23:18:29 INFO  : prestige_logickenh_xaykenh.webp: Copied (new)
2026/10/05 23:18:29 INFO  : psycho_pass_kogami_poster_1791004513264.webp: Copied (new)
2026/10/05 23:18:29 INFO  : pursuit_makemoney.webp: Copied (new)
2026/10/05 23:18:30 INFO  : queens_gambit_beth_poster_1791004541399.webp: Copied (new)
2026/10/05 23:18:30 INFO  : quansu_tumay_poster_1791004614244.webp: Copied (new)
2026/10/05 23:18:30 INFO  : queens_gambit_v2.webp: Copied (new)
2026/10/05 23:18:30 INFO  : rainbow_six_poster_1790936950259.webp: Copied (new)
2026/10/05 23:18:30 INFO  : ratatouille_katlynn.webp: Copied (new)
2026/10/05 23:18:30 INFO  : raymond_reddington_poster_1791005425588.webp: Copied (new)
2026/10/05 23:18:30 INFO  : readyplayerone_newway.webp: Copied (new)
2026/10/05 23:18:30 INFO  : real-youtube-advice-for-real-entrepreneurs-podcast.webp: Copied (new)
2026/10/05 23:18:30 INFO  : rearwindow_lurker.webp: Copied (new)
2026/10/05 23:18:30 INFO  : reborn_rich_jin_poster_1791004607565.webp: Copied (new)
2026/10/05 23:18:31 INFO  : record_of_ragnarok_poster_47_1790956329365.webp: Copied (new)
2026/10/05 23:18:31 INFO  : red_turtle_poster_54_1789843413460.webp: Copied (new)
2026/10/05 23:18:31 INFO  : reply1988_taek_poster_1791004614252.webp: Copied (new)
2026/10/05 23:18:31 INFO  : revenant_trucgiac.webp: Copied (new)
2026/10/05 23:18:31 INFO  : rick_sanchez_poster_1791005039676.webp: Copied (new)
2026/10/05 23:18:31 INFO  : robots_poster_48_1790956332140.webp: Copied (new)
2026/10/05 23:18:31 INFO  : rocky_gymcoach.webp: Copied (new)
2026/10/05 23:18:31 INFO  : rorschach_poster_1791005072824.webp: Copied (new)
2026/10/05 23:18:31 INFO  : roy_batty_poster_1791005484533.webp: Copied (new)
2026/10/05 23:18:31 INFO  : rudy_movie_poster_1790935722853.webp: Copied (new)
2026/10/05 23:18:32 INFO  : sailor_moon_poster_51_1790956495283.webp: Copied (new)
2026/10/05 23:18:32 INFO  : sales-khong-phai-la-thao-tung-no-la-quyen-luc-mem-podcast.webp: Copied (new)
2026/10/05 23:18:32 INFO  : sanjiv_goenka_wealth_1789678653869.webp: Copied (new)
2026/10/05 23:18:32 INFO  : satinder-sartaaj-sufi-music-culture-fame-podcast.webp: Copied (new)
2026/10/05 23:18:32 INFO  : savingprivateryan_niemtin.webp: Copied (new)
2026/10/05 23:18:32 INFO  : scandal_poster_49_1790956361437.webp: Copied (new)
2026/10/05 23:18:32 INFO  : schoolofrock_dinhhuong.webp: Copied (new)
2026/10/05 23:18:33 INFO  : sephiroth_poster_1791005516843.webp: Copied (new)
2026/10/05 23:18:33 INFO  : sekiro_wolf_poster_1790936361288.webp: Copied (new)
2026/10/05 23:18:33 INFO  : severance_mark_poster_1791004575968.webp: Copied (new)
2026/10/05 23:18:33 INFO  : sell-your-knowledge-make-money-online-podcast.webp: Copied (new)
2026/10/05 23:18:33 INFO  : shakespeare_storytelling.webp: Copied (new)
2026/10/05 23:18:33 INFO  : severance_v2.webp: Copied (new)
2026/10/05 23:18:33 INFO  : sherlock_hanhvivoly.webp: Copied (new)
2026/10/05 23:18:33 INFO  : sherlock_ngonngucothe.webp: Copied (new)
2026/10/05 23:18:33 INFO  : shubhanshu-shukla-astronaut-space-zero-gravity-podcast.webp: Copied (new)
2026/10/05 23:18:34 INFO  : sieu-tri-tue-asi-podcast.webp: Copied (new)
2026/10/05 23:18:34 INFO  : signal_lee_poster_1791004609847.webp: Copied (new)
2026/10/05 23:18:34 INFO  : shutterisland_lamchu.webp: Copied (new)
2026/10/05 23:18:34 INFO  : sir-roger-penrose-giai-ma-khong-gian-y-thuc.webp: Copied (new)
2026/10/05 23:18:34 INFO  : silent_hill_2_poster_1791005045398.webp: Copied (new)
2026/10/05 23:18:34 INFO  : skyrim_dragonborn_poster_1790936368670.webp: Copied (new)
2026/10/05 23:18:34 INFO  : so-tay-but-pha-giai-ma-su-be-tac-science-long-form.webp: Copied (new)
2026/10/05 23:18:34 INFO  : so-tay-co-van-xay-dung-doanh-nghiep-ai-first-podcast.webp: Copied (new)
2026/10/05 23:18:35 INFO  : so-tay-sinh-ton-ky-nguyen-ai-2026-2027-mo-gawdat-podcast.webp: Copied (new)
2026/10/05 23:18:35 INFO  : so-tay-tri-thuc-song-khong-hoi-tiec-podcast.webp: Copied (new)
2026/10/05 23:18:35 INFO  : so-tay-thuc-chien-khoi-nghiep-ky-nguyen-ai-podcast.webp: Copied (new)
2026/10/05 23:18:35 INFO  : so-tay-trieu-do-khoi-nghiep-ky-nguyen-moi-cung-chu-tich-shopify-science-podcast.webp: Copied (new)
2026/10/05 23:18:35 INFO  : so-tay-xay-kenh-thuat-toan-mentor-nguyen-duc-viet-podcast.webp: Copied (new)
2026/10/05 23:18:35 INFO  : so-tay-tu-duy-kien-tao-suc-manh-dich-thuc-podcast.webp: Copied (new)
2026/10/05 23:18:35 INFO  : socialnetwork_mrbeast.webp: Copied (new)
2026/10/05 23:18:35 INFO  : social_network_mark_poster_1791004646537.webp: Copied (new)
2026/10/05 23:18:35 INFO  : spacex-ke-hoach-vi-dai-dua-sieu-may-tinh-ai-vao-vu-tru-chia-khoa-thang-hang-van-minh-nhan-loai-len-thang-kardashev-ii.webp: Copied (new)
2026/10/05 23:18:36 INFO  : spiderman_youtube.webp: Copied (new)
2026/10/05 23:18:36 INFO  : spawn_poster_1791005175617.webp: Copied (new)
2026/10/05 23:18:36 INFO  : spike_spiegel_poster_1791005503344.webp: Copied (new)
2026/10/05 23:18:36 INFO  : spock_poster_1791005478811.webp: Copied (new)
2026/10/05 23:18:36 INFO  : starwars_nghiem_thu.webp: Copied (new)
2026/10/05 23:18:36 INFO  : spear_fang_poster_1791005057515.webp: Copied (new)
2026/10/05 23:18:37 INFO  : starwars_subinhyen.webp: Copied (new)
2026/10/05 23:18:37 INFO  : stevejobs_brand.webp: Copied (new)
2026/10/05 23:18:37 INFO  : stevejobs_czbinance.webp: Copied (new)
2026/10/05 23:18:37 INFO  : stop-being-overlooked-become-famous-any-industry-podcast.webp: Copied (new)
2026/10/05 23:18:37 INFO  : su-tai-sinh-cua-mot-huyen-thoai-busta-rhymes-science-long-form.webp: Copied (new)
2026/10/05 23:18:37 INFO  : su-tai-sinh-thuc-su-khong-bao-gio-bat-dau-bang-viec-co-gang-va-viu-lai-phien-ban-cu-no-bat-dau-bang-long-dung-cam-de-chon-vui-nhung-lop-vo.webp: Copied (new)
2026/10/05 23:18:37 INFO  : su-giau-co-va-thanh-cong-tot-dinh-khong-bat-dau-tu-chien-thuat-kinh-doanh-hao-nhoang-ma-khoi-nguon-tu-nang-luc-quan-tri-tam-tri-ban-phai-thiet-ke-mot-moi-truong-khien-ky-luat-tro-nen-de-dang.webp: Copied (new)
2026/10/05 23:18:37 INFO  : su-that-ve-ung-thu-nang-luong-te-bao-science.webp: Copied (new)
2026/10/05 23:18:37 INFO  : su-that-ve-thuc-tai-la-kinh-vr-science-long-form.webp: Copied (new)
2026/10/05 23:18:38 INFO  : su-thay-doi-mang-tinh-buoc-ngoat-paradigm-shift-khong-den-tu-viec-ban-hieu-van-de-cua-minh-ma-den-tu-viec-ban-co-dam-buoc-ra-khoi-con-nghien-hoa-hoc-do-chinh-nhung-cam-xuc-dau-kho-trong-qua-khu-tao-ra-hay-khong-podcast.webp: Copied (new)
2026/10/05 23:18:38 INFO  : su-thay-doi-khong-den-tu-viec-tim-kiem-mot-cuoc-song-de-dang-hon-ma-den-tu-viec-chu-dong-lua-chon-nhung-kho-khan-co-chu-dich-ap-luc-khong.webp: Copied (new)
2026/10/05 23:18:38 INFO  : su-thay-doi-thuc-su-khong-phai-la-co-gang-uon-nan-ban-than-thanh-mot-nguoi-hoan-toan-khac-no-la-qua-trinh-boc-tach-cac-lop-vo-boc-ao-tuong.webp: Copied (new)
2026/10/05 23:18:38 INFO  : su-thuc-tinh-ky-nguyen-ai-mentor-insight-podcast.webp: Copied (new)
2026/10/05 23:18:38 INFO  : su-troi-day-cua-y-thuc-may-moc-podcast.webp: Copied (new)
2026/10/05 23:18:38 INFO  : su-vo-nghia-ma-ban-dang-cam-thay-khong-phai-vi-ban-yeu-kem-ma-vi-ban-dang-dung-nao-trai-tu-duy-ky-thuat-thuat-toan-cuon-man-hinh-de-co-giai.webp: Copied (new)
2026/10/05 23:18:38 INFO  : suc-khoe-tinh-duc-nghe-thuat-yeu-dr-rena-malik-science-long-form.webp: Copied (new)
2026/10/05 23:18:38 INFO  : suc-manh-cua-su-buong-bo-podcast-spiritual.webp: Copied (new)
2026/10/05 23:18:38 INFO  : suc-manh-thao-tung-cua-thuat-toan.webp: Copied (new)
2026/10/05 23:18:38 INFO  : succession_kendall_poster_1791004616546.webp: Copied (new)
2026/10/05 23:18:38 INFO  : suc_khoe_tinh_1789678326028.webp: Copied (new)
2026/10/05 23:18:39 INFO  : sunil-bajpai-fraud-scams-psychology-podcast.webp: Copied (new)
2026/10/05 23:18:39 INFO  : system-architecture-the-4-types-of-stress.webp: Copied (new)
2026/10/05 23:18:39 INFO  : system-intelligence-architect-mo-gawdat.webp: Copied (new)
2026/10/05 23:18:39 INFO  : system-9-the-biggest-ai-opportunity-is-missed.webp: Copied (new)
2026/10/05 23:18:39 INFO  : tai-sao-but-giay-danh-bai-ban-phim-science.webp: Copied (new)
2026/10/05 23:18:39 INFO  : ta-luon-mac-dinh-rang-nhung-gi-minh-phat-ngon-ra-la-chinh-xac-nhung-gi-nguoi-kia-nghe-duoc-dieu-nay-la-sai-lam-podcast-science.webp: Copied (new)
2026/10/05 23:18:40 INFO  : tai-sao-chi-2-moi-nguoi-thuc-su-but-pha-science-long-form.webp: Copied (new)
2026/10/05 23:18:40 INFO  : tai-sao-giay-but-danh-bai-ban-phim-science.webp: Copied (new)
2026/10/05 23:18:40 INFO  : superman_tuanminh.webp: Copied (new)
2026/10/05 23:18:40 INFO  : tai-sao-ko-xem-truoc-2h15-science.webp: Copied (new)
2026/10/05 23:18:40 INFO  : tai-thiet-lap-nao-bo-ky-luat-ky-nguyen-so-science.webp: Copied (new)
2026/10/05 23:18:40 INFO  : tam-tri-khong-phai-la-mot-chiec-binh-de-cho-sut-me-theo-thoi-gian-no-la-mot-co-bap-it-nhat-45-den-70-cac-ca-sa-sut-tri-tue-dementia-hoan.webp: Copied (new)
2026/10/05 23:18:40 INFO  : tamlyhoc-tam-ly-phong-thu-cua-nguoi-mua.webp: Copied (new)
2026/10/05 23:18:40 INFO  : tamlyhoc-18-phan-xa-giu-the-dien.webp: Copied (new)
2026/10/05 23:18:41 INFO  : tanthoi_cainhiep_poster_1791004640452.webp: Copied (new)
2026/10/05 23:18:41 INFO  : taxi_driver_poster_1791005075931.webp: Copied (new)
2026/10/05 23:18:41 INFO  : temp_template.webp: Copied (new)
2026/10/05 23:18:41 INFO  : taxidriver_khunghoang.webp: Copied (new)
2026/10/05 23:18:41 INFO  : tenet_1000ngay.webp: Copied (new)
2026/10/05 23:18:41 INFO  : terminator_toiuhieusuat.webp: Copied (new)
2026/10/05 23:18:41 INFO  : test-search.webp: Copied (new)
2026/10/05 23:18:41 INFO  : thanh-cong-ruc-ro-khong-den-tu-su-may-man-ngau-nhien-ma-la-su-giao-thoa-khoc-liet-giua-noi-am-anh-muc-tieu-tot-do-kha-nang-tieu-hoa-su-choi-bo-va-viec-kien-dinh-bao-ve-ban-nga-giua-vong-vay-cua-du-luan-podcast-science.webp: Copied (new)
2026/10/05 23:18:41 INFO  : thanh-cong-tot-dinh-khong-den-tu-viec-sao-chep-nhung-ke-dung-dau-ma-den-tu-viec-ban-kien-nhan-chiu-dung-su-nhat-nheo-trong-bong-toi-suot.webp: Copied (new)
2026/10/05 23:18:42 INFO  : thapdien_luu_poster_1791004634887.webp: Copied (new)
2026/10/05 23:18:42 INFO  : thay-doi-thoi-quen-ket-luan-chi-quan-sat.webp: Copied (new)
2026/10/05 23:18:42 INFO  : the-one-skill-needed-to-make-millions-podcast.webp: Copied (new)
2026/10/05 23:18:42 INFO  : the_good_dinosaur_poster_35_1789842867265.webp: Copied (new)
2026/10/05 23:18:42 INFO  : the_postman_poster_1790937270182.webp: Copied (new)
2026/10/05 23:18:42 INFO  : the_wrestler_poster_1790936795260.webp: Copied (new)
2026/10/05 23:18:42 INFO  : themenu_bep_duc.webp: Copied (new)
2026/10/05 23:18:43 INFO  : theylive_hammuon.webp: Copied (new)
2026/10/05 23:18:43 INFO  : thien-boc-dong-va-hieu-suat-cong-viec.webp: Copied (new)
2026/10/05 23:18:43 INFO  : thien-di-dao-va-tieu-hoa-science.webp: Copied (new)
2026/10/05 23:18:43 INFO  : thien-it-dan-den-su-boc-dong.webp: Copied (new)
2026/10/05 23:18:43 INFO  : thien_kien_ca_1789678392226.webp: Copied (new)
2026/10/05 23:18:43 INFO  : thor_movie_poster_1790932558150.webp: Copied (new)
2026/10/05 23:18:43 INFO  : thiet-ke-cuoc-song-phong-phu-khong-can-phai-tan-tien-podcast.webp: Copied (new)
2026/10/05 23:18:43 INFO  : thu_gian_va_1789678317370.webp: Copied (new)
2026/10/05 23:18:43 INFO  : thuat-toan-trieu-view-shorts-mathis-bolt-motiversity-podcast.webp: Copied (new)
2026/10/05 23:18:43 INFO  : thuong-hieu-ca-nhan-la-he-dieu-hanh-cua-doanh-nghiep-podcast.webp: Copied (new)
2026/10/05 23:18:43 INFO  : thu-ban-nghi-minh-biet-ve-the-gioi-nay-chi-la-mot-mo-hinh-du-doan-podcast.webp: Copied (new)
2026/10/05 23:18:44 INFO  : tien-bac-chi-tieu-podcast.webp: Copied (new)
2026/10/05 23:18:44 INFO  : tim-hieu-o-cung-hagibis-science.webp: Copied (new)
2026/10/05 23:18:44 INFO  : tinh-yeu-va-hon-nhan-khong-phai-la-mot-mon-qua-vinh-vien-chung-la-mot-khoan-vay-podcast.webp: Copied (new)
2026/10/05 23:18:44 INFO  : titlesu-that-ve-gan-nhiem-mo-tieu-duong-type-2-cach-chuyen-hoa-carbohydrate-thai-doc-co-the-va-dao-nguoc-benh-ly-bang-phuong-phap-low-carb.webp: Copied (new)
2026/10/05 23:18:44 INFO  : toan-hoc-va-dau-tu-1-science.webp: Copied (new)
2026/10/05 23:18:44 INFO  : toi-uu-hieu-suat-nao-bo-suc-manh-nootropic-tu-creatine-va-che-do-an-thit-carnivore-dinh-cao-toi-gian-nang-luong-tu-joe-rogan-elon-musk.webp: Copied (new)
2026/10/05 23:18:44 INFO  : toi-uu-ram-nho-05-nhom-4-mo-van-sang-tao-sau-nap-du-lieu-science.webp: Copied (new)
2026/10/05 23:18:44 INFO  : totoro_father_poster_1790935752675.webp: Copied (new)
2026/10/05 23:18:44 INFO  : tokyo_ghoul_kaneki_poster.webp: Copied (new)
2026/10/05 23:18:45 INFO  : trang_ti_poster_37_1790955856259.webp: Copied (new)
2026/10/05 23:18:45 INFO  : trang-thai-co-the-quyet-dinh-suy-nghi-science.webp: Copied (new)
2026/10/05 23:18:45 INFO  : tri-tue-ngan-nam-cua-thieu-lam-podcast.webp: Copied (new)
2026/10/05 23:18:45 INFO  : troi-buoc-tien-hoa-science.webp: Copied (new)
2026/10/05 23:18:45 INFO  : truc-giac-chinh-la-thu-du-lieu-toc-do-cao-ma-ly-tri-chua-kip-giai-ma-podcast.webp: Copied (new)
2026/10/05 23:18:45 INFO  : tron_hesinhthai.webp: Copied (new)
2026/10/05 23:18:45 INFO  : true_detective_poster_1791005075414.webp: Copied (new)
2026/10/05 23:18:45 INFO  : truman_follow.webp: Copied (new)
2026/10/05 23:18:46 INFO  : tu-duy-ai-tu-dong-hoa-science.webp: Copied (new)
2026/10/05 23:18:46 INFO  : truman_show_poster_1791004525836.webp: Copied (new)
2026/10/05 23:18:46 INFO  : tu-duy-van-hanh-cua-ceo-uber-science.webp: Copied (new)
2026/10/05 23:18:46 INFO  : tu-bo-y-chi-bat-dau-tu-dong-hoa-khoi-tai-san-podcast.webp: Copied (new)
2026/10/05 23:18:46 INFO  : tuxuandao_cam_y_ve_poster_1791004631026.webp: Copied (new)
2026/10/05 23:18:46 INFO  : tuoi-30-khong-phai-la-luc-ban-bat-dau-gia-di-ma-la-thoi-diem-moi-thoi-quen-cua-ban-bat-dau-tinh-lai-kep-podcast.webp: Copied (new)
2026/10/05 23:18:46 INFO  : tywin_lannister_poster_1791005475385.webp: Copied (new)
2026/10/05 23:18:46 INFO  : twilight_poster_1790936182220.webp: Copied (new)
2026/10/05 23:18:46 INFO  : ung-thu-khong-phai-la-mot-can-benh-di-truyen-ngau-nhien-no-la-can-benh-roi-loan-chuyen-hoa-bat-nguon-tu-viec-ty-the-nha-may-nang-luong-cua-te-bao-bi-ton-thuong-keo-dai-podcast.webp: Copied (new)
2026/10/05 23:18:46 INFO  : v_cyberpunk_poster_1791005532729.webp: Copied (new)
2026/10/05 23:18:47 INFO  : v_for_vendetta_poster_1791004520792.webp: Copied (new)
2026/10/05 23:18:47 INFO  : vagabond_musashi_poster_1791004118380.webp: Copied (new)
2026/10/05 23:18:47 INFO  : vash_the_stampede_poster_1791005537578.webp: Copied (new)
2026/10/05 23:18:47 INFO  : vanessa-van-edwards-nghe-thuat-ket-noi-giao-tiep-dinh-cao-podcast.webp: Copied (new)
2026/10/05 23:18:47 INFO  : vi-sao-nguoi-khac-khong-thich-ban-podcast.webp: Copied (new)
2026/10/05 23:18:47 INFO  : vuot-qua-ma-tran-ban-nang-science.webp: Copied (new)
2026/10/05 23:18:47 INFO  : vinland_saga_thorfinn_poster_1791004490374.webp: Copied (new)
2026/10/05 23:18:47 INFO  : viec-dat-muc-tieu-chi-cho-rieng-minh-mua-nha-co-6-mui-vo-dich-la-mot-tro-choi-huu-han-choi-xong-la-tram-cam-science-long-form.webp: Copied (new)
2026/10/05 23:18:47 INFO  : walk_the_line_poster_1790936960260.webp: Copied (new)
2026/10/05 23:18:48 INFO  : wallstreet_giaucothucsu.webp: Copied (new)
2026/10/05 23:18:48 INFO  : walter_white_poster_1790936796056.webp: Copied (new)
2026/10/05 23:18:48 INFO  : warcraft_movie_poster_1790936676716.webp: Copied (new)
2026/10/05 23:18:48 INFO  : whiplash_fletcher_poster_1791004538402.webp: Copied (new)
2026/10/05 23:18:48 INFO  : willywonka_matranduong.webp: Copied (new)
2026/10/05 23:18:48 INFO  : wolf_leminhduc.webp: Copied (new)
2026/10/05 23:18:48 INFO  : warcraft_movie_poster_1790936794578.webp: Copied (new)
2026/10/05 23:18:48 INFO  : witcher_geralt_poster_1790936186109.webp: Copied (new)
2026/10/05 23:18:48 INFO  : xa-hoi-da-lua-chung-ta-rang-hanh-phuc-la-mot-loai-cam-xuc-thuc-chat-cam-xuc-chi-la-tin-hieu-hanh-phuc-thuc-su-la-mot-ky-nang-va-su-lua-chon.webp: Copied (new)
2026/10/05 23:18:49 INFO  : zima_blue_poster_1791005043924.webp: Copied (new)
2026/10/05 23:18:49 INFO  : xay-kenh-tam-ly-sang-tao-bai-hoc-tu-theo-von-fiona-cauley-science-podcast.webp: Copied (new)
2026/10/05 23:18:49 INFO  : zoolander_trend.webp: Copied (new)
2026/10/05 23:18:49 INFO  : zodiac_tuanminh.webp: Copied (new)
2026/10/05 23:18:49 INFO  : zzz_poster_1790935556354.webp: Copied (new)
2026/10/05 23:18:49 INFO  : poster_alien.webp: Copied (replaced existing)
2026/10/05 23:18:49 INFO  : poster_amadeus.webp: Copied (replaced existing)
2026/10/05 23:18:49 INFO  : poster_aquaman.webp: Copied (replaced existing)
2026/10/05 23:18:50 INFO  : poster_black_swan.webp: Copied (replaced existing)
2026/10/05 23:18:50 INFO  : poster_deadpool.webp: Copied (replaced existing)
2026/10/05 23:18:50 INFO  : poster_die_hard.webp: Copied (replaced existing)
2026/10/05 23:18:50 INFO  : poster_django_unchained.webp: Copied (replaced existing)
2026/10/05 23:18:50 INFO  : poster_french_connection.webp: Copied (replaced existing)
2026/10/05 23:18:50 INFO  : poster_eternal_sunshine.webp: Copied (replaced existing)
2026/10/05 23:18:50 INFO  : poster_goodfellas.webp: Copied (replaced existing)
2026/10/05 23:18:50 INFO  : poster_inglourious_basterds.webp: Copied (replaced existing)
2026/10/05 23:18:51 INFO  : poster_ghost_in_the_shell.webp: Copied (replaced existing)
2026/10/05 23:18:51 INFO  : poster_kill_bill.webp: Copied (replaced existing)
2026/10/05 23:18:51 INFO  : poster_logan.webp: Copied (replaced existing)
2026/10/05 23:18:51 INFO  : poster_oldboy.webp: Copied (replaced existing)
2026/10/05 23:18:51 INFO  : poster_pans_labyrinth.webp: Copied (replaced existing)
2026/10/05 23:18:51 INFO  : poster_ran.webp: Copied (replaced existing)
2026/10/05 23:18:51 INFO  : poster_reservoir_dogs.webp: Copied (replaced existing)
2026/10/05 23:18:51 INFO  : poster_spider_man.webp: Copied (replaced existing)
2026/10/05 23:18:51 INFO  : poster_shutter_island.webp: Copied (replaced existing)
2026/10/05 23:18:51 INFO  : poster_saving_private_ryan.webp: Copied (replaced existing)
2026/10/05 23:18:52 INFO  : poster_the_thing.webp: Copied (replaced existing)
2026/10/05 23:18:52 INFO  : poster_trainspotting.webp: Copied (replaced existing)
2026/10/05 23:18:52 INFO  : poster_the_big_lebowski.webp: Copied (replaced existing)
2026/10/05 23:18:52 INFO  : 
Transferred:   	  144.261 MiB / 144.261 MiB, 100%, 984.979 KiB/s, ETA 0s
Checks:                48 / 48, 100%, Listed 1655
Transferred:         1314 / 1314, 100%
Elapsed time:      2m42.5s

